                                      1 ;--------------------------------------------------------
                                      2 ; File Created by SDCC : free open source ANSI-C Compiler
                                      3 ; Version 4.2.0 #13081 (Linux)
                                      4 ;--------------------------------------------------------
                                      5 	.module firmware
                                      6 	.optsdcc -mmcs51 --model-large
                                      7 	
                                      8 ;--------------------------------------------------------
                                      9 ; Public variables in this module
                                     10 ;--------------------------------------------------------
                                     11 	.globl _main
                                     12 	.globl _EA
                                     13 	.globl _r51_addr3
                                     14 	.globl _r51_addr2
                                     15 	.globl _r51_addr1
                                     16 	.globl _r51_addr0
                                     17 	.globl _r51_wd3
                                     18 	.globl _r51_wd2
                                     19 	.globl _r51_wd1
                                     20 	.globl _r51_wd0
                                     21 	.globl _r51_write_enable
                                     22 	.globl _r51_fire
                                     23 	.globl _r51_rd3
                                     24 	.globl _r51_rd2
                                     25 	.globl _r51_rd1
                                     26 	.globl _r51_rd0
                                     27 ;--------------------------------------------------------
                                     28 ; special function registers
                                     29 ;--------------------------------------------------------
                                     30 	.area RSEG    (ABS,DATA)
      000000                         31 	.org 0x0000
                           0000E4    32 _r51_rd0	=	0x00e4
                           0000E5    33 _r51_rd1	=	0x00e5
                           0000E6    34 _r51_rd2	=	0x00e6
                           0000E7    35 _r51_rd3	=	0x00e7
                           0000F2    36 _r51_fire	=	0x00f2
                           0000F3    37 _r51_write_enable	=	0x00f3
                           0000F4    38 _r51_wd0	=	0x00f4
                           0000F5    39 _r51_wd1	=	0x00f5
                           0000F6    40 _r51_wd2	=	0x00f6
                           0000F7    41 _r51_wd3	=	0x00f7
                           0000F8    42 _r51_addr0	=	0x00f8
                           0000F9    43 _r51_addr1	=	0x00f9
                           0000FA    44 _r51_addr2	=	0x00fa
                           0000FB    45 _r51_addr3	=	0x00fb
                                     46 ;--------------------------------------------------------
                                     47 ; special function bits
                                     48 ;--------------------------------------------------------
                                     49 	.area RSEG    (ABS,DATA)
      000000                         50 	.org 0x0000
                           0000AF    51 _EA	=	0x00af
                                     52 ;--------------------------------------------------------
                                     53 ; overlayable register banks
                                     54 ;--------------------------------------------------------
                                     55 	.area REG_BANK_0	(REL,OVR,DATA)
      000000                         56 	.ds 8
                                     57 ;--------------------------------------------------------
                                     58 ; overlayable bit register bank
                                     59 ;--------------------------------------------------------
                                     60 	.area BIT_BANK	(REL,OVR,DATA)
      000000                         61 bits:
      000000                         62 	.ds 1
                           008000    63 	b0 = bits[0]
                           008100    64 	b1 = bits[1]
                           008200    65 	b2 = bits[2]
                           008300    66 	b3 = bits[3]
                           008400    67 	b4 = bits[4]
                           008500    68 	b5 = bits[5]
                           008600    69 	b6 = bits[6]
                           008700    70 	b7 = bits[7]
                                     71 ;--------------------------------------------------------
                                     72 ; internal ram data
                                     73 ;--------------------------------------------------------
                                     74 	.area DSEG    (DATA)
                                     75 ;--------------------------------------------------------
                                     76 ; overlayable items in internal ram
                                     77 ;--------------------------------------------------------
                                     78 ;--------------------------------------------------------
                                     79 ; Stack segment in internal ram
                                     80 ;--------------------------------------------------------
                                     81 	.area	SSEG
      000000                         82 __start__stack:
      000000                         83 	.ds	1
                                     84 
                                     85 ;--------------------------------------------------------
                                     86 ; indirectly addressable internal ram data
                                     87 ;--------------------------------------------------------
                                     88 	.area ISEG    (DATA)
                                     89 ;--------------------------------------------------------
                                     90 ; absolute internal ram data
                                     91 ;--------------------------------------------------------
                                     92 	.area IABS    (ABS,DATA)
                                     93 	.area IABS    (ABS,DATA)
                                     94 ;--------------------------------------------------------
                                     95 ; bit data
                                     96 ;--------------------------------------------------------
                                     97 	.area BSEG    (BIT)
                                     98 ;--------------------------------------------------------
                                     99 ; paged external ram data
                                    100 ;--------------------------------------------------------
                                    101 	.area PSEG    (PAG,XDATA)
                                    102 ;--------------------------------------------------------
                                    103 ; external ram data
                                    104 ;--------------------------------------------------------
                                    105 	.area XSEG    (XDATA)
                                    106 ;--------------------------------------------------------
                                    107 ; absolute external ram data
                                    108 ;--------------------------------------------------------
                                    109 	.area XABS    (ABS,XDATA)
                                    110 ;--------------------------------------------------------
                                    111 ; external initialized ram data
                                    112 ;--------------------------------------------------------
                                    113 	.area XISEG   (XDATA)
                                    114 	.area HOME    (CODE)
                                    115 	.area GSINIT0 (CODE)
                                    116 	.area GSINIT1 (CODE)
                                    117 	.area GSINIT2 (CODE)
                                    118 	.area GSINIT3 (CODE)
                                    119 	.area GSINIT4 (CODE)
                                    120 	.area GSINIT5 (CODE)
                                    121 	.area GSINIT  (CODE)
                                    122 	.area GSFINAL (CODE)
                                    123 	.area CSEG    (CODE)
                                    124 ;--------------------------------------------------------
                                    125 ; interrupt vector
                                    126 ;--------------------------------------------------------
                                    127 	.area HOME    (CODE)
      000000                        128 __interrupt_vect:
      000000 02r00r00         [24]  129 	ljmp	__sdcc_gsinit_startup
                                    130 ;--------------------------------------------------------
                                    131 ; global & static initialisations
                                    132 ;--------------------------------------------------------
                                    133 	.area HOME    (CODE)
                                    134 	.area GSINIT  (CODE)
                                    135 	.area GSFINAL (CODE)
                                    136 	.area GSINIT  (CODE)
                                    137 	.globl __sdcc_gsinit_startup
                                    138 	.globl __sdcc_program_startup
                                    139 	.globl __start__stack
                                    140 	.globl __mcs51_genXINIT
                                    141 	.globl __mcs51_genXRAMCLEAR
                                    142 	.globl __mcs51_genRAMCLEAR
                                    143 	.area GSFINAL (CODE)
      000000 02r00r03         [24]  144 	ljmp	__sdcc_program_startup
                                    145 ;--------------------------------------------------------
                                    146 ; Home
                                    147 ;--------------------------------------------------------
                                    148 	.area HOME    (CODE)
                                    149 	.area HOME    (CODE)
      000003                        150 __sdcc_program_startup:
      000003 02r07r6C         [24]  151 	ljmp	_main
                                    152 ;	return from main will return to caller
                                    153 ;--------------------------------------------------------
                                    154 ; code
                                    155 ;--------------------------------------------------------
                                    156 	.area CSEG    (CODE)
                                    157 ;------------------------------------------------------------
                                    158 ;Allocation info for local variables in function 'robot_read'
                                    159 ;------------------------------------------------------------
                                    160 ;address                   Allocated to registers r4 r5 r6 r7 
                                    161 ;value                     Allocated to stack - _bp +5
                                    162 ;interrupts_enabled        Allocated to stack - _bp +9
                                    163 ;sloc0                     Allocated to stack - _bp +1
                                    164 ;------------------------------------------------------------
                                    165 ;	firmware.c:62: static uint32_t robot_read(uint32_t address) __reentrant
                                    166 ;	-----------------------------------------
                                    167 ;	 function robot_read
                                    168 ;	-----------------------------------------
      000000                        169 _robot_read:
                           000007   170 	ar7 = 0x07
                           000006   171 	ar6 = 0x06
                           000005   172 	ar5 = 0x05
                           000004   173 	ar4 = 0x04
                           000003   174 	ar3 = 0x03
                           000002   175 	ar2 = 0x02
                           000001   176 	ar1 = 0x01
                           000000   177 	ar0 = 0x00
      000000 C0*00            [24]  178 	push	_bp
      000002 85 81*00         [24]  179 	mov	_bp,sp
      000005 AC 82            [24]  180 	mov	r4,dpl
      000007 AD 83            [24]  181 	mov	r5,dph
      000009 AE F0            [24]  182 	mov	r6,b
      00000B FF               [12]  183 	mov	r7,a
      00000C E5 81            [12]  184 	mov	a,sp
      00000E 24 09            [12]  185 	add	a,#0x09
      000010 F5 81            [12]  186 	mov	sp,a
                                    187 ;	firmware.c:65: uint8_t interrupts_enabled = EA;
      000012 E5*00            [12]  188 	mov	a,_bp
      000014 24 09            [12]  189 	add	a,#0x09
      000016 F8               [12]  190 	mov	r0,a
      000017 A2 AF            [12]  191 	mov	c,_EA
      000019 E4               [12]  192 	clr	a
      00001A 33               [12]  193 	rlc	a
      00001B F6               [12]  194 	mov	@r0,a
                                    195 ;	firmware.c:67: EA = 0;
                                    196 ;	assignBit
      00001C C2 AF            [12]  197 	clr	_EA
                                    198 ;	firmware.c:68: r51_addr0 = (uint8_t) address;
      00001E 8C F8            [24]  199 	mov	_r51_addr0,r4
                                    200 ;	firmware.c:69: r51_addr1 = (uint8_t) (address >> 8);
      000020 8D F9            [24]  201 	mov	_r51_addr1,r5
                                    202 ;	firmware.c:70: r51_addr2 = (uint8_t) (address >> 16);
      000022 8E FA            [24]  203 	mov	_r51_addr2,r6
                                    204 ;	firmware.c:71: r51_addr3 = (uint8_t) (address >> 24);
      000024 8F FB            [24]  205 	mov	_r51_addr3,r7
                                    206 ;	firmware.c:72: r51_write_enable = 4; /* 32-bit read */
      000026 75 F3 04         [24]  207 	mov	_r51_write_enable,#0x04
                                    208 ;	firmware.c:73: r51_fire = 1;
      000029 75 F2 01         [24]  209 	mov	_r51_fire,#0x01
                                    210 ;	firmware.c:74: while (r51_fire == 1) {
      00002C                        211 00101$:
      00002C 74 01            [12]  212 	mov	a,#0x01
      00002E B5 F2 02         [24]  213 	cjne	a,_r51_fire,00116$
      000031 80 F9            [24]  214 	sjmp	00101$
      000033                        215 00116$:
                                    216 ;	firmware.c:77: value = (uint32_t) r51_rd0;
      000033 A8*00            [24]  217 	mov	r0,_bp
      000035 08               [12]  218 	inc	r0
      000036 A6 E4            [24]  219 	mov	@r0,_r51_rd0
      000038 08               [12]  220 	inc	r0
      000039 76 00            [12]  221 	mov	@r0,#0x00
      00003B 08               [12]  222 	inc	r0
      00003C 76 00            [12]  223 	mov	@r0,#0x00
      00003E 08               [12]  224 	inc	r0
      00003F 76 00            [12]  225 	mov	@r0,#0x00
                                    226 ;	firmware.c:78: value |= (uint32_t) r51_rd1 << 8;
      000041 AA E5            [24]  227 	mov	r2,_r51_rd1
      000043 7B 00            [12]  228 	mov	r3,#0x00
      000045 7E 00            [12]  229 	mov	r6,#0x00
      000047 8E 07            [24]  230 	mov	ar7,r6
      000049 8B 06            [24]  231 	mov	ar6,r3
      00004B 8A 03            [24]  232 	mov	ar3,r2
      00004D 7A 00            [12]  233 	mov	r2,#0x00
      00004F A8*00            [24]  234 	mov	r0,_bp
      000051 08               [12]  235 	inc	r0
      000052 EA               [12]  236 	mov	a,r2
      000053 46               [12]  237 	orl	a,@r0
      000054 F6               [12]  238 	mov	@r0,a
      000055 EB               [12]  239 	mov	a,r3
      000056 08               [12]  240 	inc	r0
      000057 46               [12]  241 	orl	a,@r0
      000058 F6               [12]  242 	mov	@r0,a
      000059 EE               [12]  243 	mov	a,r6
      00005A 08               [12]  244 	inc	r0
      00005B 46               [12]  245 	orl	a,@r0
      00005C F6               [12]  246 	mov	@r0,a
      00005D EF               [12]  247 	mov	a,r7
      00005E 08               [12]  248 	inc	r0
      00005F 46               [12]  249 	orl	a,@r0
      000060 F6               [12]  250 	mov	@r0,a
                                    251 ;	firmware.c:79: value |= (uint32_t) r51_rd2 << 16;
      000061 AC E6            [24]  252 	mov	r4,_r51_rd2
      000063 7D 00            [12]  253 	mov	r5,#0x00
      000065 8D 07            [24]  254 	mov	ar7,r5
      000067 8C 06            [24]  255 	mov	ar6,r4
      000069 7C 00            [12]  256 	mov	r4,#0x00
      00006B 7D 00            [12]  257 	mov	r5,#0x00
      00006D A8*00            [24]  258 	mov	r0,_bp
      00006F 08               [12]  259 	inc	r0
      000070 E6               [12]  260 	mov	a,@r0
      000071 42 04            [12]  261 	orl	ar4,a
      000073 08               [12]  262 	inc	r0
      000074 E6               [12]  263 	mov	a,@r0
      000075 42 05            [12]  264 	orl	ar5,a
      000077 08               [12]  265 	inc	r0
      000078 E6               [12]  266 	mov	a,@r0
      000079 42 06            [12]  267 	orl	ar6,a
      00007B 08               [12]  268 	inc	r0
      00007C E6               [12]  269 	mov	a,@r0
      00007D 42 07            [12]  270 	orl	ar7,a
      00007F E5*00            [12]  271 	mov	a,_bp
      000081 24 05            [12]  272 	add	a,#0x05
      000083 F8               [12]  273 	mov	r0,a
      000084 A6 04            [24]  274 	mov	@r0,ar4
      000086 08               [12]  275 	inc	r0
      000087 A6 05            [24]  276 	mov	@r0,ar5
      000089 08               [12]  277 	inc	r0
      00008A A6 06            [24]  278 	mov	@r0,ar6
      00008C 08               [12]  279 	inc	r0
      00008D A6 07            [24]  280 	mov	@r0,ar7
                                    281 ;	firmware.c:80: value |= (uint32_t) r51_rd3 << 24;
      00008F AA E7            [24]  282 	mov	r2,_r51_rd3
      000091 8A 07            [24]  283 	mov	ar7,r2
      000093 E4               [12]  284 	clr	a
      000094 FA               [12]  285 	mov	r2,a
      000095 FB               [12]  286 	mov	r3,a
      000096 FE               [12]  287 	mov	r6,a
      000097 E5*00            [12]  288 	mov	a,_bp
      000099 24 05            [12]  289 	add	a,#0x05
      00009B F8               [12]  290 	mov	r0,a
      00009C E6               [12]  291 	mov	a,@r0
      00009D 42 02            [12]  292 	orl	ar2,a
      00009F 08               [12]  293 	inc	r0
      0000A0 E6               [12]  294 	mov	a,@r0
      0000A1 42 03            [12]  295 	orl	ar3,a
      0000A3 08               [12]  296 	inc	r0
      0000A4 E6               [12]  297 	mov	a,@r0
      0000A5 42 06            [12]  298 	orl	ar6,a
      0000A7 08               [12]  299 	inc	r0
      0000A8 E6               [12]  300 	mov	a,@r0
      0000A9 42 07            [12]  301 	orl	ar7,a
                                    302 ;	firmware.c:81: EA = interrupts_enabled;
      0000AB E5*00            [12]  303 	mov	a,_bp
      0000AD 24 09            [12]  304 	add	a,#0x09
      0000AF F8               [12]  305 	mov	r0,a
                                    306 ;	assignBit
      0000B0 E6               [12]  307 	mov	a,@r0
      0000B1 24 FF            [12]  308 	add	a,#0xff
      0000B3 92 AF            [24]  309 	mov	_EA,c
                                    310 ;	firmware.c:82: return value;
      0000B5 8A 82            [24]  311 	mov	dpl,r2
      0000B7 8B 83            [24]  312 	mov	dph,r3
      0000B9 8E F0            [24]  313 	mov	b,r6
      0000BB EF               [12]  314 	mov	a,r7
                                    315 ;	firmware.c:83: }
      0000BC 85*00 81         [24]  316 	mov	sp,_bp
      0000BF D0*00            [24]  317 	pop	_bp
      0000C1 22               [24]  318 	ret
                                    319 ;------------------------------------------------------------
                                    320 ;Allocation info for local variables in function 'robot_write'
                                    321 ;------------------------------------------------------------
                                    322 ;value                     Allocated to stack - _bp -6
                                    323 ;address                   Allocated to registers r4 r5 r6 r7 
                                    324 ;interrupts_enabled        Allocated to registers r3 
                                    325 ;------------------------------------------------------------
                                    326 ;	firmware.c:85: static void robot_write(uint32_t address, uint32_t value) __reentrant
                                    327 ;	-----------------------------------------
                                    328 ;	 function robot_write
                                    329 ;	-----------------------------------------
      0000C2                        330 _robot_write:
      0000C2 C0*00            [24]  331 	push	_bp
      0000C4 85 81*00         [24]  332 	mov	_bp,sp
      0000C7 AC 82            [24]  333 	mov	r4,dpl
      0000C9 AD 83            [24]  334 	mov	r5,dph
      0000CB AE F0            [24]  335 	mov	r6,b
      0000CD FF               [12]  336 	mov	r7,a
                                    337 ;	firmware.c:87: uint8_t interrupts_enabled = EA;
      0000CE A2 AF            [12]  338 	mov	c,_EA
      0000D0 E4               [12]  339 	clr	a
      0000D1 33               [12]  340 	rlc	a
      0000D2 FB               [12]  341 	mov	r3,a
                                    342 ;	firmware.c:89: EA = 0;
                                    343 ;	assignBit
      0000D3 C2 AF            [12]  344 	clr	_EA
                                    345 ;	firmware.c:90: r51_addr0 = (uint8_t) address;
      0000D5 8C F8            [24]  346 	mov	_r51_addr0,r4
                                    347 ;	firmware.c:91: r51_addr1 = (uint8_t) (address >> 8);
      0000D7 8D F9            [24]  348 	mov	_r51_addr1,r5
                                    349 ;	firmware.c:92: r51_addr2 = (uint8_t) (address >> 16);
      0000D9 8E FA            [24]  350 	mov	_r51_addr2,r6
                                    351 ;	firmware.c:93: r51_addr3 = (uint8_t) (address >> 24);
      0000DB 8F FB            [24]  352 	mov	_r51_addr3,r7
                                    353 ;	firmware.c:94: r51_wd0 = (uint8_t) value;
      0000DD E5*00            [12]  354 	mov	a,_bp
      0000DF 24 FA            [12]  355 	add	a,#0xfa
      0000E1 F8               [12]  356 	mov	r0,a
      0000E2 86 F4            [24]  357 	mov	_r51_wd0,@r0
                                    358 ;	firmware.c:95: r51_wd1 = (uint8_t) (value >> 8);
      0000E4 E5*00            [12]  359 	mov	a,_bp
      0000E6 24 FA            [12]  360 	add	a,#0xfa
      0000E8 F8               [12]  361 	mov	r0,a
      0000E9 08               [12]  362 	inc	r0
      0000EA 86 F5            [24]  363 	mov	_r51_wd1,@r0
                                    364 ;	firmware.c:96: r51_wd2 = (uint8_t) (value >> 16);
      0000EC E5*00            [12]  365 	mov	a,_bp
      0000EE 24 FA            [12]  366 	add	a,#0xfa
      0000F0 F8               [12]  367 	mov	r0,a
      0000F1 08               [12]  368 	inc	r0
      0000F2 08               [12]  369 	inc	r0
      0000F3 86 F6            [24]  370 	mov	_r51_wd2,@r0
                                    371 ;	firmware.c:97: r51_wd3 = (uint8_t) (value >> 24);
      0000F5 E5*00            [12]  372 	mov	a,_bp
      0000F7 24 FA            [12]  373 	add	a,#0xfa
      0000F9 F8               [12]  374 	mov	r0,a
      0000FA 08               [12]  375 	inc	r0
      0000FB 08               [12]  376 	inc	r0
      0000FC 08               [12]  377 	inc	r0
      0000FD 86 F7            [24]  378 	mov	_r51_wd3,@r0
                                    379 ;	firmware.c:98: r51_write_enable = 5; /* 32-bit write */
      0000FF 75 F3 05         [24]  380 	mov	_r51_write_enable,#0x05
                                    381 ;	firmware.c:99: r51_fire = 1;
      000102 75 F2 01         [24]  382 	mov	_r51_fire,#0x01
                                    383 ;	firmware.c:100: while (r51_fire == 1) {
      000105                        384 00101$:
      000105 74 01            [12]  385 	mov	a,#0x01
      000107 B5 F2 02         [24]  386 	cjne	a,_r51_fire,00114$
      00010A 80 F9            [24]  387 	sjmp	00101$
      00010C                        388 00114$:
                                    389 ;	firmware.c:102: EA = interrupts_enabled;
                                    390 ;	assignBit
      00010C EB               [12]  391 	mov	a,r3
      00010D 24 FF            [12]  392 	add	a,#0xff
      00010F 92 AF            [24]  393 	mov	_EA,c
                                    394 ;	firmware.c:103: }
      000111 D0*00            [24]  395 	pop	_bp
      000113 22               [24]  396 	ret
                                    397 ;------------------------------------------------------------
                                    398 ;Allocation info for local variables in function 'gpio_write'
                                    399 ;------------------------------------------------------------
                                    400 ;high                      Allocated to stack - _bp -3
                                    401 ;pin                       Allocated to registers r7 
                                    402 ;value                     Allocated to stack - _bp +5
                                    403 ;mask                      Allocated to stack - _bp +9
                                    404 ;sloc0                     Allocated to stack - _bp +1
                                    405 ;------------------------------------------------------------
                                    406 ;	firmware.c:105: static void gpio_write(uint8_t pin, uint8_t high)
                                    407 ;	-----------------------------------------
                                    408 ;	 function gpio_write
                                    409 ;	-----------------------------------------
      000114                        410 _gpio_write:
      000114 C0*00            [24]  411 	push	_bp
      000116 E5 81            [12]  412 	mov	a,sp
      000118 F5*00            [12]  413 	mov	_bp,a
      00011A 24 0C            [12]  414 	add	a,#0x0c
      00011C F5 81            [12]  415 	mov	sp,a
      00011E AF 82            [24]  416 	mov	r7,dpl
                                    417 ;	firmware.c:107: uint32_t value = robot_read(GPIOA_BASE + GPIO_DATA);
      000120 90 00 00         [24]  418 	mov	dptr,#0x0000
      000123 75 F0 02         [24]  419 	mov	b,#0x02
      000126 74 03            [12]  420 	mov	a,#0x03
      000128 C0 07            [24]  421 	push	ar7
      00012A 12r00r00         [24]  422 	lcall	_robot_read
      00012D AB 82            [24]  423 	mov	r3,dpl
      00012F AC 83            [24]  424 	mov	r4,dph
      000131 AD F0            [24]  425 	mov	r5,b
      000133 FE               [12]  426 	mov	r6,a
      000134 D0 07            [24]  427 	pop	ar7
      000136 E5*00            [12]  428 	mov	a,_bp
      000138 24 05            [12]  429 	add	a,#0x05
      00013A F8               [12]  430 	mov	r0,a
      00013B A6 03            [24]  431 	mov	@r0,ar3
      00013D 08               [12]  432 	inc	r0
      00013E A6 04            [24]  433 	mov	@r0,ar4
      000140 08               [12]  434 	inc	r0
      000141 A6 05            [24]  435 	mov	@r0,ar5
      000143 08               [12]  436 	inc	r0
      000144 A6 06            [24]  437 	mov	@r0,ar6
                                    438 ;	firmware.c:108: uint32_t mask = (uint32_t) 1U << pin;
      000146 8F F0            [24]  439 	mov	b,r7
      000148 05 F0            [12]  440 	inc	b
      00014A E5*00            [12]  441 	mov	a,_bp
      00014C 24 09            [12]  442 	add	a,#0x09
      00014E F8               [12]  443 	mov	r0,a
      00014F 76 01            [12]  444 	mov	@r0,#0x01
      000151 08               [12]  445 	inc	r0
      000152 76 00            [12]  446 	mov	@r0,#0x00
      000154 08               [12]  447 	inc	r0
      000155 76 00            [12]  448 	mov	@r0,#0x00
      000157 08               [12]  449 	inc	r0
      000158 76 00            [12]  450 	mov	@r0,#0x00
      00015A 18               [12]  451 	dec	r0
      00015B 18               [12]  452 	dec	r0
      00015C 18               [12]  453 	dec	r0
      00015D 80 12            [24]  454 	sjmp	00110$
      00015F                        455 00109$:
      00015F E6               [12]  456 	mov	a,@r0
      000160 26               [12]  457 	add	a,@r0
      000161 F6               [12]  458 	mov	@r0,a
      000162 08               [12]  459 	inc	r0
      000163 E6               [12]  460 	mov	a,@r0
      000164 33               [12]  461 	rlc	a
      000165 F6               [12]  462 	mov	@r0,a
      000166 08               [12]  463 	inc	r0
      000167 E6               [12]  464 	mov	a,@r0
      000168 33               [12]  465 	rlc	a
      000169 F6               [12]  466 	mov	@r0,a
      00016A 08               [12]  467 	inc	r0
      00016B E6               [12]  468 	mov	a,@r0
      00016C 33               [12]  469 	rlc	a
      00016D F6               [12]  470 	mov	@r0,a
      00016E 18               [12]  471 	dec	r0
      00016F 18               [12]  472 	dec	r0
      000170 18               [12]  473 	dec	r0
      000171                        474 00110$:
      000171 D5 F0 EB         [24]  475 	djnz	b,00109$
                                    476 ;	firmware.c:110: robot_write(GPIOA_BASE + GPIO_DATA, high ? value | mask : value & ~mask);
      000174 E5*00            [12]  477 	mov	a,_bp
      000176 24 FD            [12]  478 	add	a,#0xfd
      000178 F8               [12]  479 	mov	r0,a
      000179 E6               [12]  480 	mov	a,@r0
      00017A 60 1E            [24]  481 	jz	00103$
      00017C E5*00            [12]  482 	mov	a,_bp
      00017E 24 05            [12]  483 	add	a,#0x05
      000180 F8               [12]  484 	mov	r0,a
      000181 E5*00            [12]  485 	mov	a,_bp
      000183 24 09            [12]  486 	add	a,#0x09
      000185 F9               [12]  487 	mov	r1,a
      000186 E7               [12]  488 	mov	a,@r1
      000187 46               [12]  489 	orl	a,@r0
      000188 FB               [12]  490 	mov	r3,a
      000189 09               [12]  491 	inc	r1
      00018A E7               [12]  492 	mov	a,@r1
      00018B 08               [12]  493 	inc	r0
      00018C 46               [12]  494 	orl	a,@r0
      00018D FC               [12]  495 	mov	r4,a
      00018E 09               [12]  496 	inc	r1
      00018F E7               [12]  497 	mov	a,@r1
      000190 08               [12]  498 	inc	r0
      000191 46               [12]  499 	orl	a,@r0
      000192 FE               [12]  500 	mov	r6,a
      000193 09               [12]  501 	inc	r1
      000194 E7               [12]  502 	mov	a,@r1
      000195 08               [12]  503 	inc	r0
      000196 46               [12]  504 	orl	a,@r0
      000197 FF               [12]  505 	mov	r7,a
      000198 80 34            [24]  506 	sjmp	00104$
      00019A                        507 00103$:
      00019A E5*00            [12]  508 	mov	a,_bp
      00019C 24 09            [12]  509 	add	a,#0x09
      00019E F8               [12]  510 	mov	r0,a
      00019F A9*00            [24]  511 	mov	r1,_bp
      0001A1 09               [12]  512 	inc	r1
      0001A2 E6               [12]  513 	mov	a,@r0
      0001A3 F4               [12]  514 	cpl	a
      0001A4 F7               [12]  515 	mov	@r1,a
      0001A5 08               [12]  516 	inc	r0
      0001A6 E6               [12]  517 	mov	a,@r0
      0001A7 F4               [12]  518 	cpl	a
      0001A8 09               [12]  519 	inc	r1
      0001A9 F7               [12]  520 	mov	@r1,a
      0001AA 08               [12]  521 	inc	r0
      0001AB E6               [12]  522 	mov	a,@r0
      0001AC F4               [12]  523 	cpl	a
      0001AD 09               [12]  524 	inc	r1
      0001AE F7               [12]  525 	mov	@r1,a
      0001AF 08               [12]  526 	inc	r0
      0001B0 E6               [12]  527 	mov	a,@r0
      0001B1 F4               [12]  528 	cpl	a
      0001B2 09               [12]  529 	inc	r1
      0001B3 F7               [12]  530 	mov	@r1,a
      0001B4 E5*00            [12]  531 	mov	a,_bp
      0001B6 24 05            [12]  532 	add	a,#0x05
      0001B8 F8               [12]  533 	mov	r0,a
      0001B9 A9*00            [24]  534 	mov	r1,_bp
      0001BB 09               [12]  535 	inc	r1
      0001BC E7               [12]  536 	mov	a,@r1
      0001BD 56               [12]  537 	anl	a,@r0
      0001BE FB               [12]  538 	mov	r3,a
      0001BF 09               [12]  539 	inc	r1
      0001C0 E7               [12]  540 	mov	a,@r1
      0001C1 08               [12]  541 	inc	r0
      0001C2 56               [12]  542 	anl	a,@r0
      0001C3 FC               [12]  543 	mov	r4,a
      0001C4 09               [12]  544 	inc	r1
      0001C5 E7               [12]  545 	mov	a,@r1
      0001C6 08               [12]  546 	inc	r0
      0001C7 56               [12]  547 	anl	a,@r0
      0001C8 FE               [12]  548 	mov	r6,a
      0001C9 09               [12]  549 	inc	r1
      0001CA E7               [12]  550 	mov	a,@r1
      0001CB 08               [12]  551 	inc	r0
      0001CC 56               [12]  552 	anl	a,@r0
      0001CD FF               [12]  553 	mov	r7,a
      0001CE                        554 00104$:
      0001CE C0 03            [24]  555 	push	ar3
      0001D0 C0 04            [24]  556 	push	ar4
      0001D2 C0 06            [24]  557 	push	ar6
      0001D4 C0 07            [24]  558 	push	ar7
      0001D6 90 00 00         [24]  559 	mov	dptr,#0x0000
      0001D9 75 F0 02         [24]  560 	mov	b,#0x02
      0001DC 74 03            [12]  561 	mov	a,#0x03
      0001DE 12r00rC2         [24]  562 	lcall	_robot_write
      0001E1 E5 81            [12]  563 	mov	a,sp
      0001E3 24 FC            [12]  564 	add	a,#0xfc
      0001E5 F5 81            [12]  565 	mov	sp,a
                                    566 ;	firmware.c:111: }
      0001E7 85*00 81         [24]  567 	mov	sp,_bp
      0001EA D0*00            [24]  568 	pop	_bp
      0001EC 22               [24]  569 	ret
                                    570 ;------------------------------------------------------------
                                    571 ;Allocation info for local variables in function 'gpio_output'
                                    572 ;------------------------------------------------------------
                                    573 ;pin                       Allocated to registers r7 
                                    574 ;value                     Allocated to stack - _bp +1
                                    575 ;------------------------------------------------------------
                                    576 ;	firmware.c:113: static void gpio_output(uint8_t pin)
                                    577 ;	-----------------------------------------
                                    578 ;	 function gpio_output
                                    579 ;	-----------------------------------------
      0001ED                        580 _gpio_output:
      0001ED C0*00            [24]  581 	push	_bp
      0001EF E5 81            [12]  582 	mov	a,sp
      0001F1 F5*00            [12]  583 	mov	_bp,a
      0001F3 24 04            [12]  584 	add	a,#0x04
      0001F5 F5 81            [12]  585 	mov	sp,a
      0001F7 AF 82            [24]  586 	mov	r7,dpl
                                    587 ;	firmware.c:115: uint32_t value = robot_read(GPIOA_BASE + GPIO_DIRECTION);
      0001F9 90 00 04         [24]  588 	mov	dptr,#0x0004
      0001FC 75 F0 02         [24]  589 	mov	b,#0x02
      0001FF 74 03            [12]  590 	mov	a,#0x03
      000201 C0 07            [24]  591 	push	ar7
      000203 12r00r00         [24]  592 	lcall	_robot_read
      000206 AB 82            [24]  593 	mov	r3,dpl
      000208 AC 83            [24]  594 	mov	r4,dph
      00020A AD F0            [24]  595 	mov	r5,b
      00020C FE               [12]  596 	mov	r6,a
      00020D D0 07            [24]  597 	pop	ar7
      00020F A8*00            [24]  598 	mov	r0,_bp
      000211 08               [12]  599 	inc	r0
      000212 A6 03            [24]  600 	mov	@r0,ar3
      000214 08               [12]  601 	inc	r0
      000215 A6 04            [24]  602 	mov	@r0,ar4
      000217 08               [12]  603 	inc	r0
      000218 A6 05            [24]  604 	mov	@r0,ar5
      00021A 08               [12]  605 	inc	r0
      00021B A6 06            [24]  606 	mov	@r0,ar6
                                    607 ;	firmware.c:117: robot_write(GPIOA_BASE + GPIO_DIRECTION, value | ((uint32_t) 1U << pin));
      00021D 8F F0            [24]  608 	mov	b,r7
      00021F 05 F0            [12]  609 	inc	b
      000221 7A 01            [12]  610 	mov	r2,#0x01
      000223 7D 00            [12]  611 	mov	r5,#0x00
      000225 7E 00            [12]  612 	mov	r6,#0x00
      000227 7F 00            [12]  613 	mov	r7,#0x00
      000229 80 0C            [24]  614 	sjmp	00104$
      00022B                        615 00103$:
      00022B EA               [12]  616 	mov	a,r2
      00022C 2A               [12]  617 	add	a,r2
      00022D FA               [12]  618 	mov	r2,a
      00022E ED               [12]  619 	mov	a,r5
      00022F 33               [12]  620 	rlc	a
      000230 FD               [12]  621 	mov	r5,a
      000231 EE               [12]  622 	mov	a,r6
      000232 33               [12]  623 	rlc	a
      000233 FE               [12]  624 	mov	r6,a
      000234 EF               [12]  625 	mov	a,r7
      000235 33               [12]  626 	rlc	a
      000236 FF               [12]  627 	mov	r7,a
      000237                        628 00104$:
      000237 D5 F0 F1         [24]  629 	djnz	b,00103$
      00023A A8*00            [24]  630 	mov	r0,_bp
      00023C 08               [12]  631 	inc	r0
      00023D E6               [12]  632 	mov	a,@r0
      00023E 42 02            [12]  633 	orl	ar2,a
      000240 08               [12]  634 	inc	r0
      000241 E6               [12]  635 	mov	a,@r0
      000242 42 05            [12]  636 	orl	ar5,a
      000244 08               [12]  637 	inc	r0
      000245 E6               [12]  638 	mov	a,@r0
      000246 42 06            [12]  639 	orl	ar6,a
      000248 08               [12]  640 	inc	r0
      000249 E6               [12]  641 	mov	a,@r0
      00024A 42 07            [12]  642 	orl	ar7,a
      00024C C0 02            [24]  643 	push	ar2
      00024E C0 05            [24]  644 	push	ar5
      000250 C0 06            [24]  645 	push	ar6
      000252 C0 07            [24]  646 	push	ar7
      000254 90 00 04         [24]  647 	mov	dptr,#0x0004
      000257 75 F0 02         [24]  648 	mov	b,#0x02
      00025A 74 03            [12]  649 	mov	a,#0x03
      00025C 12r00rC2         [24]  650 	lcall	_robot_write
      00025F E5 81            [12]  651 	mov	a,sp
      000261 24 FC            [12]  652 	add	a,#0xfc
      000263 F5 81            [12]  653 	mov	sp,a
                                    654 ;	firmware.c:118: }
      000265 85*00 81         [24]  655 	mov	sp,_bp
      000268 D0*00            [24]  656 	pop	_bp
      00026A 22               [24]  657 	ret
                                    658 ;------------------------------------------------------------
                                    659 ;Allocation info for local variables in function 'gpio_input'
                                    660 ;------------------------------------------------------------
                                    661 ;pin                       Allocated to registers r7 
                                    662 ;value                     Allocated to stack - _bp +1
                                    663 ;------------------------------------------------------------
                                    664 ;	firmware.c:120: static void gpio_input(uint8_t pin)
                                    665 ;	-----------------------------------------
                                    666 ;	 function gpio_input
                                    667 ;	-----------------------------------------
      00026B                        668 _gpio_input:
      00026B C0*00            [24]  669 	push	_bp
      00026D E5 81            [12]  670 	mov	a,sp
      00026F F5*00            [12]  671 	mov	_bp,a
      000271 24 04            [12]  672 	add	a,#0x04
      000273 F5 81            [12]  673 	mov	sp,a
      000275 AF 82            [24]  674 	mov	r7,dpl
                                    675 ;	firmware.c:122: uint32_t value = robot_read(GPIOA_BASE + GPIO_DIRECTION);
      000277 90 00 04         [24]  676 	mov	dptr,#0x0004
      00027A 75 F0 02         [24]  677 	mov	b,#0x02
      00027D 74 03            [12]  678 	mov	a,#0x03
      00027F C0 07            [24]  679 	push	ar7
      000281 12r00r00         [24]  680 	lcall	_robot_read
      000284 AB 82            [24]  681 	mov	r3,dpl
      000286 AC 83            [24]  682 	mov	r4,dph
      000288 AD F0            [24]  683 	mov	r5,b
      00028A FE               [12]  684 	mov	r6,a
      00028B D0 07            [24]  685 	pop	ar7
      00028D A8*00            [24]  686 	mov	r0,_bp
      00028F 08               [12]  687 	inc	r0
      000290 A6 03            [24]  688 	mov	@r0,ar3
      000292 08               [12]  689 	inc	r0
      000293 A6 04            [24]  690 	mov	@r0,ar4
      000295 08               [12]  691 	inc	r0
      000296 A6 05            [24]  692 	mov	@r0,ar5
      000298 08               [12]  693 	inc	r0
      000299 A6 06            [24]  694 	mov	@r0,ar6
                                    695 ;	firmware.c:124: robot_write(GPIOA_BASE + GPIO_DIRECTION, value & ~((uint32_t) 1U << pin));
      00029B 8F F0            [24]  696 	mov	b,r7
      00029D 05 F0            [12]  697 	inc	b
      00029F 7A 01            [12]  698 	mov	r2,#0x01
      0002A1 7D 00            [12]  699 	mov	r5,#0x00
      0002A3 7E 00            [12]  700 	mov	r6,#0x00
      0002A5 7F 00            [12]  701 	mov	r7,#0x00
      0002A7 80 0C            [24]  702 	sjmp	00104$
      0002A9                        703 00103$:
      0002A9 EA               [12]  704 	mov	a,r2
      0002AA 2A               [12]  705 	add	a,r2
      0002AB FA               [12]  706 	mov	r2,a
      0002AC ED               [12]  707 	mov	a,r5
      0002AD 33               [12]  708 	rlc	a
      0002AE FD               [12]  709 	mov	r5,a
      0002AF EE               [12]  710 	mov	a,r6
      0002B0 33               [12]  711 	rlc	a
      0002B1 FE               [12]  712 	mov	r6,a
      0002B2 EF               [12]  713 	mov	a,r7
      0002B3 33               [12]  714 	rlc	a
      0002B4 FF               [12]  715 	mov	r7,a
      0002B5                        716 00104$:
      0002B5 D5 F0 F1         [24]  717 	djnz	b,00103$
      0002B8 EA               [12]  718 	mov	a,r2
      0002B9 F4               [12]  719 	cpl	a
      0002BA FA               [12]  720 	mov	r2,a
      0002BB ED               [12]  721 	mov	a,r5
      0002BC F4               [12]  722 	cpl	a
      0002BD FD               [12]  723 	mov	r5,a
      0002BE EE               [12]  724 	mov	a,r6
      0002BF F4               [12]  725 	cpl	a
      0002C0 FE               [12]  726 	mov	r6,a
      0002C1 EF               [12]  727 	mov	a,r7
      0002C2 F4               [12]  728 	cpl	a
      0002C3 FF               [12]  729 	mov	r7,a
      0002C4 A8*00            [24]  730 	mov	r0,_bp
      0002C6 08               [12]  731 	inc	r0
      0002C7 E6               [12]  732 	mov	a,@r0
      0002C8 52 02            [12]  733 	anl	ar2,a
      0002CA 08               [12]  734 	inc	r0
      0002CB E6               [12]  735 	mov	a,@r0
      0002CC 52 05            [12]  736 	anl	ar5,a
      0002CE 08               [12]  737 	inc	r0
      0002CF E6               [12]  738 	mov	a,@r0
      0002D0 52 06            [12]  739 	anl	ar6,a
      0002D2 08               [12]  740 	inc	r0
      0002D3 E6               [12]  741 	mov	a,@r0
      0002D4 52 07            [12]  742 	anl	ar7,a
      0002D6 C0 02            [24]  743 	push	ar2
      0002D8 C0 05            [24]  744 	push	ar5
      0002DA C0 06            [24]  745 	push	ar6
      0002DC C0 07            [24]  746 	push	ar7
      0002DE 90 00 04         [24]  747 	mov	dptr,#0x0004
      0002E1 75 F0 02         [24]  748 	mov	b,#0x02
      0002E4 74 03            [12]  749 	mov	a,#0x03
      0002E6 12r00rC2         [24]  750 	lcall	_robot_write
      0002E9 E5 81            [12]  751 	mov	a,sp
      0002EB 24 FC            [12]  752 	add	a,#0xfc
      0002ED F5 81            [12]  753 	mov	sp,a
                                    754 ;	firmware.c:125: }
      0002EF 85*00 81         [24]  755 	mov	sp,_bp
      0002F2 D0*00            [24]  756 	pop	_bp
      0002F4 22               [24]  757 	ret
                                    758 ;------------------------------------------------------------
                                    759 ;Allocation info for local variables in function 'gpio_read'
                                    760 ;------------------------------------------------------------
                                    761 ;pin                       Allocated to registers r7 
                                    762 ;------------------------------------------------------------
                                    763 ;	firmware.c:127: static uint8_t gpio_read(uint8_t pin)
                                    764 ;	-----------------------------------------
                                    765 ;	 function gpio_read
                                    766 ;	-----------------------------------------
      0002F5                        767 _gpio_read:
      0002F5 AF 82            [24]  768 	mov	r7,dpl
                                    769 ;	firmware.c:129: return (uint8_t) ((robot_read(GPIOA_BASE + GPIO_EXTERNAL_PORT) >> pin) & 1U);
      0002F7 90 00 50         [24]  770 	mov	dptr,#0x0050
      0002FA 75 F0 02         [24]  771 	mov	b,#0x02
      0002FD 74 03            [12]  772 	mov	a,#0x03
      0002FF C0 07            [24]  773 	push	ar7
      000301 12r00r00         [24]  774 	lcall	_robot_read
      000304 AB 82            [24]  775 	mov	r3,dpl
      000306 AC 83            [24]  776 	mov	r4,dph
      000308 AD F0            [24]  777 	mov	r5,b
      00030A FE               [12]  778 	mov	r6,a
      00030B D0 07            [24]  779 	pop	ar7
      00030D 8F F0            [24]  780 	mov	b,r7
      00030F 05 F0            [12]  781 	inc	b
      000311 80 0D            [24]  782 	sjmp	00104$
      000313                        783 00103$:
      000313 C3               [12]  784 	clr	c
      000314 EE               [12]  785 	mov	a,r6
      000315 13               [12]  786 	rrc	a
      000316 FE               [12]  787 	mov	r6,a
      000317 ED               [12]  788 	mov	a,r5
      000318 13               [12]  789 	rrc	a
      000319 FD               [12]  790 	mov	r5,a
      00031A EC               [12]  791 	mov	a,r4
      00031B 13               [12]  792 	rrc	a
      00031C FC               [12]  793 	mov	r4,a
      00031D EB               [12]  794 	mov	a,r3
      00031E 13               [12]  795 	rrc	a
      00031F FB               [12]  796 	mov	r3,a
      000320                        797 00104$:
      000320 D5 F0 F0         [24]  798 	djnz	b,00103$
      000323 53 03 01         [24]  799 	anl	ar3,#0x01
      000326 8B 82            [24]  800 	mov	dpl,r3
                                    801 ;	firmware.c:130: }
      000328 22               [24]  802 	ret
                                    803 ;------------------------------------------------------------
                                    804 ;Allocation info for local variables in function 'delay_us'
                                    805 ;------------------------------------------------------------
                                    806 ;microseconds              Allocated to registers 
                                    807 ;loops                     Allocated to stack - _bp +1
                                    808 ;------------------------------------------------------------
                                    809 ;	firmware.c:137: static void delay_us(uint16_t microseconds)
                                    810 ;	-----------------------------------------
                                    811 ;	 function delay_us
                                    812 ;	-----------------------------------------
      000329                        813 _delay_us:
      000329 C0*00            [24]  814 	push	_bp
      00032B 85 81*00         [24]  815 	mov	_bp,sp
      00032E 05 81            [12]  816 	inc	sp
      000330 AE 82            [24]  817 	mov	r6,dpl
      000332 AF 83            [24]  818 	mov	r7,dph
                                    819 ;	firmware.c:141: while (microseconds-- != 0U) {
      000334                        820 00104$:
      000334 8E 04            [24]  821 	mov	ar4,r6
      000336 8F 05            [24]  822 	mov	ar5,r7
      000338 1E               [12]  823 	dec	r6
      000339 BE FF 01         [24]  824 	cjne	r6,#0xff,00126$
      00033C 1F               [12]  825 	dec	r7
      00033D                        826 00126$:
      00033D EC               [12]  827 	mov	a,r4
      00033E 4D               [12]  828 	orl	a,r5
      00033F 60 15            [24]  829 	jz	00107$
                                    830 ;	firmware.c:142: loops = 10;
      000341 A8*00            [24]  831 	mov	r0,_bp
      000343 08               [12]  832 	inc	r0
      000344 76 0A            [12]  833 	mov	@r0,#0x0a
                                    834 ;	firmware.c:143: while (loops-- != 0U) {
      000346                        835 00101$:
      000346 A8*00            [24]  836 	mov	r0,_bp
      000348 08               [12]  837 	inc	r0
      000349 86 05            [24]  838 	mov	ar5,@r0
      00034B A8*00            [24]  839 	mov	r0,_bp
      00034D 08               [12]  840 	inc	r0
      00034E ED               [12]  841 	mov	a,r5
      00034F 14               [12]  842 	dec	a
      000350 F6               [12]  843 	mov	@r0,a
      000351 ED               [12]  844 	mov	a,r5
      000352 60 E0            [24]  845 	jz	00104$
      000354 80 F0            [24]  846 	sjmp	00101$
      000356                        847 00107$:
                                    848 ;	firmware.c:146: }
      000356 15 81            [12]  849 	dec	sp
      000358 D0*00            [24]  850 	pop	_bp
      00035A 22               [24]  851 	ret
                                    852 ;------------------------------------------------------------
                                    853 ;Allocation info for local variables in function 'delay_ms'
                                    854 ;------------------------------------------------------------
                                    855 ;milliseconds              Allocated to registers 
                                    856 ;------------------------------------------------------------
                                    857 ;	firmware.c:148: static void delay_ms(uint16_t milliseconds)
                                    858 ;	-----------------------------------------
                                    859 ;	 function delay_ms
                                    860 ;	-----------------------------------------
      00035B                        861 _delay_ms:
      00035B AE 82            [24]  862 	mov	r6,dpl
      00035D AF 83            [24]  863 	mov	r7,dph
                                    864 ;	firmware.c:150: while (milliseconds-- != 0U) {
      00035F                        865 00101$:
      00035F 8E 04            [24]  866 	mov	ar4,r6
      000361 8F 05            [24]  867 	mov	ar5,r7
      000363 1E               [12]  868 	dec	r6
      000364 BE FF 01         [24]  869 	cjne	r6,#0xff,00115$
      000367 1F               [12]  870 	dec	r7
      000368                        871 00115$:
      000368 EC               [12]  872 	mov	a,r4
      000369 4D               [12]  873 	orl	a,r5
      00036A 60 10            [24]  874 	jz	00104$
                                    875 ;	firmware.c:151: delay_us(1000);
      00036C 90 03 E8         [24]  876 	mov	dptr,#0x03e8
      00036F C0 07            [24]  877 	push	ar7
      000371 C0 06            [24]  878 	push	ar6
      000373 12r03r29         [24]  879 	lcall	_delay_us
      000376 D0 06            [24]  880 	pop	ar6
      000378 D0 07            [24]  881 	pop	ar7
      00037A 80 E3            [24]  882 	sjmp	00101$
      00037C                        883 00104$:
                                    884 ;	firmware.c:153: }
      00037C 22               [24]  885 	ret
                                    886 ;------------------------------------------------------------
                                    887 ;Allocation info for local variables in function 'wait_for_level'
                                    888 ;------------------------------------------------------------
                                    889 ;level                     Allocated to registers r7 
                                    890 ;polls                     Allocated to registers r6 
                                    891 ;------------------------------------------------------------
                                    892 ;	firmware.c:155: static uint8_t wait_for_level(uint8_t level)
                                    893 ;	-----------------------------------------
                                    894 ;	 function wait_for_level
                                    895 ;	-----------------------------------------
      00037D                        896 _wait_for_level:
      00037D AF 82            [24]  897 	mov	r7,dpl
                                    898 ;	firmware.c:159: while (polls-- != 0U) {
      00037F 7E FF            [12]  899 	mov	r6,#0xff
      000381                        900 00103$:
      000381 8E 05            [24]  901 	mov	ar5,r6
      000383 1E               [12]  902 	dec	r6
      000384 ED               [12]  903 	mov	a,r5
      000385 60 18            [24]  904 	jz	00105$
                                    905 ;	firmware.c:160: if (gpio_read(DHT_GPIO_PIN) == level) {
      000387 75 82 1A         [24]  906 	mov	dpl,#0x1a
      00038A C0 07            [24]  907 	push	ar7
      00038C C0 06            [24]  908 	push	ar6
      00038E 12r02rF5         [24]  909 	lcall	_gpio_read
      000391 AD 82            [24]  910 	mov	r5,dpl
      000393 D0 06            [24]  911 	pop	ar6
      000395 D0 07            [24]  912 	pop	ar7
      000397 ED               [12]  913 	mov	a,r5
      000398 B5 07 E6         [24]  914 	cjne	a,ar7,00103$
                                    915 ;	firmware.c:161: return 1;
      00039B 75 82 01         [24]  916 	mov	dpl,#0x01
      00039E 22               [24]  917 	ret
      00039F                        918 00105$:
                                    919 ;	firmware.c:164: return 0;
      00039F 75 82 00         [24]  920 	mov	dpl,#0x00
                                    921 ;	firmware.c:165: }
      0003A2 22               [24]  922 	ret
                                    923 ;------------------------------------------------------------
                                    924 ;Allocation info for local variables in function 'dht11_read'
                                    925 ;------------------------------------------------------------
                                    926 ;bytes                     Allocated to stack - _bp +1
                                    927 ;byte_index                Allocated to registers r5 
                                    928 ;bit_index                 Allocated to registers r2 
                                    929 ;value                     Allocated to registers r6 
                                    930 ;------------------------------------------------------------
                                    931 ;	firmware.c:167: static uint8_t dht11_read(uint8_t bytes[5])
                                    932 ;	-----------------------------------------
                                    933 ;	 function dht11_read
                                    934 ;	-----------------------------------------
      0003A3                        935 _dht11_read:
      0003A3 C0*00            [24]  936 	push	_bp
      0003A5 85 81*00         [24]  937 	mov	_bp,sp
      0003A8 C0 82            [24]  938 	push	dpl
      0003AA C0 83            [24]  939 	push	dph
      0003AC C0 F0            [24]  940 	push	b
                                    941 ;	firmware.c:173: gpio_write(DHT_GPIO_PIN, 0);
      0003AE E4               [12]  942 	clr	a
      0003AF C0 E0            [24]  943 	push	acc
      0003B1 75 82 1A         [24]  944 	mov	dpl,#0x1a
      0003B4 12r01r14         [24]  945 	lcall	_gpio_write
      0003B7 15 81            [12]  946 	dec	sp
                                    947 ;	firmware.c:174: gpio_output(DHT_GPIO_PIN);
      0003B9 75 82 1A         [24]  948 	mov	dpl,#0x1a
      0003BC 12r01rED         [24]  949 	lcall	_gpio_output
                                    950 ;	firmware.c:175: delay_ms(DHT_START_LOW_MS);
      0003BF 90 00 14         [24]  951 	mov	dptr,#0x0014
      0003C2 12r03r5B         [24]  952 	lcall	_delay_ms
                                    953 ;	firmware.c:176: gpio_input(DHT_GPIO_PIN);
      0003C5 75 82 1A         [24]  954 	mov	dpl,#0x1a
      0003C8 12r02r6B         [24]  955 	lcall	_gpio_input
                                    956 ;	firmware.c:177: delay_us(DHT_RESPONSE_DELAY_US);
      0003CB 90 00 28         [24]  957 	mov	dptr,#0x0028
      0003CE 12r03r29         [24]  958 	lcall	_delay_us
                                    959 ;	firmware.c:179: if (!wait_for_level(0) || !wait_for_level(1) || !wait_for_level(0)) {
      0003D1 75 82 00         [24]  960 	mov	dpl,#0x00
      0003D4 12r03r7D         [24]  961 	lcall	_wait_for_level
      0003D7 E5 82            [12]  962 	mov	a,dpl
      0003D9 60 14            [24]  963 	jz	00101$
      0003DB 75 82 01         [24]  964 	mov	dpl,#0x01
      0003DE 12r03r7D         [24]  965 	lcall	_wait_for_level
      0003E1 E5 82            [12]  966 	mov	a,dpl
      0003E3 60 0A            [24]  967 	jz	00101$
      0003E5 75 82 00         [24]  968 	mov	dpl,#0x00
      0003E8 12r03r7D         [24]  969 	lcall	_wait_for_level
      0003EB E5 82            [12]  970 	mov	a,dpl
      0003ED 70 06            [24]  971 	jnz	00125$
      0003EF                        972 00101$:
                                    973 ;	firmware.c:180: return 1;
      0003EF 75 82 01         [24]  974 	mov	dpl,#0x01
      0003F2 02r05r0A         [24]  975 	ljmp	00117$
                                    976 ;	firmware.c:183: for (byte_index = 0; byte_index < 5; ++byte_index) {
      0003F5                        977 00125$:
      0003F5 7D 00            [12]  978 	mov	r5,#0x00
      0003F7                        979 00115$:
                                    980 ;	firmware.c:184: value = 0;
      0003F7 7E 00            [12]  981 	mov	r6,#0x00
                                    982 ;	firmware.c:185: for (bit_index = 0; bit_index < 8; ++bit_index) {
      0003F9 7A 00            [12]  983 	mov	r2,#0x00
      0003FB                        984 00113$:
                                    985 ;	firmware.c:186: if (!wait_for_level(1)) {
      0003FB 75 82 01         [24]  986 	mov	dpl,#0x01
      0003FE C0 06            [24]  987 	push	ar6
      000400 C0 05            [24]  988 	push	ar5
      000402 C0 02            [24]  989 	push	ar2
      000404 12r03r7D         [24]  990 	lcall	_wait_for_level
      000407 E5 82            [12]  991 	mov	a,dpl
      000409 D0 02            [24]  992 	pop	ar2
      00040B D0 05            [24]  993 	pop	ar5
      00040D D0 06            [24]  994 	pop	ar6
      00040F 70 06            [24]  995 	jnz	00106$
                                    996 ;	firmware.c:187: return 2;
      000411 75 82 02         [24]  997 	mov	dpl,#0x02
      000414 02r05r0A         [24]  998 	ljmp	00117$
      000417                        999 00106$:
                                   1000 ;	firmware.c:189: delay_us(DHT_BIT_SAMPLE_US);
      000417 90 00 28         [24] 1001 	mov	dptr,#0x0028
      00041A C0 06            [24] 1002 	push	ar6
      00041C C0 05            [24] 1003 	push	ar5
      00041E C0 02            [24] 1004 	push	ar2
      000420 12r03r29         [24] 1005 	lcall	_delay_us
      000423 D0 02            [24] 1006 	pop	ar2
      000425 D0 05            [24] 1007 	pop	ar5
      000427 D0 06            [24] 1008 	pop	ar6
                                   1009 ;	firmware.c:190: value = (uint8_t) ((value << 1) | gpio_read(DHT_GPIO_PIN));
      000429 8E 07            [24] 1010 	mov	ar7,r6
      00042B EF               [12] 1011 	mov	a,r7
      00042C 2F               [12] 1012 	add	a,r7
      00042D FF               [12] 1013 	mov	r7,a
      00042E 75 82 1A         [24] 1014 	mov	dpl,#0x1a
      000431 C0 07            [24] 1015 	push	ar7
      000433 C0 05            [24] 1016 	push	ar5
      000435 C0 02            [24] 1017 	push	ar2
      000437 12r02rF5         [24] 1018 	lcall	_gpio_read
      00043A AE 82            [24] 1019 	mov	r6,dpl
      00043C D0 02            [24] 1020 	pop	ar2
      00043E D0 05            [24] 1021 	pop	ar5
      000440 D0 07            [24] 1022 	pop	ar7
      000442 EE               [12] 1023 	mov	a,r6
      000443 42 07            [12] 1024 	orl	ar7,a
      000445 8F 06            [24] 1025 	mov	ar6,r7
                                   1026 ;	firmware.c:191: if (!wait_for_level(0)) {
      000447 75 82 00         [24] 1027 	mov	dpl,#0x00
      00044A C0 06            [24] 1028 	push	ar6
      00044C C0 05            [24] 1029 	push	ar5
      00044E C0 02            [24] 1030 	push	ar2
      000450 12r03r7D         [24] 1031 	lcall	_wait_for_level
      000453 E5 82            [12] 1032 	mov	a,dpl
      000455 D0 02            [24] 1033 	pop	ar2
      000457 D0 05            [24] 1034 	pop	ar5
      000459 D0 06            [24] 1035 	pop	ar6
      00045B 70 06            [24] 1036 	jnz	00114$
                                   1037 ;	firmware.c:192: return 2;
      00045D 75 82 02         [24] 1038 	mov	dpl,#0x02
      000460 02r05r0A         [24] 1039 	ljmp	00117$
      000463                       1040 00114$:
                                   1041 ;	firmware.c:185: for (bit_index = 0; bit_index < 8; ++bit_index) {
      000463 0A               [12] 1042 	inc	r2
      000464 BA 08 00         [24] 1043 	cjne	r2,#0x08,00160$
      000467                       1044 00160$:
      000467 40 92            [24] 1045 	jc	00113$
                                   1046 ;	firmware.c:195: bytes[byte_index] = value;
      000469 A8*00            [24] 1047 	mov	r0,_bp
      00046B 08               [12] 1048 	inc	r0
      00046C ED               [12] 1049 	mov	a,r5
      00046D 26               [12] 1050 	add	a,@r0
      00046E FA               [12] 1051 	mov	r2,a
      00046F E4               [12] 1052 	clr	a
      000470 08               [12] 1053 	inc	r0
      000471 36               [12] 1054 	addc	a,@r0
      000472 FB               [12] 1055 	mov	r3,a
      000473 08               [12] 1056 	inc	r0
      000474 86 04            [24] 1057 	mov	ar4,@r0
      000476 8A 82            [24] 1058 	mov	dpl,r2
      000478 8B 83            [24] 1059 	mov	dph,r3
      00047A 8C F0            [24] 1060 	mov	b,r4
      00047C EE               [12] 1061 	mov	a,r6
      00047D 12r00r00         [24] 1062 	lcall	__gptrput
                                   1063 ;	firmware.c:183: for (byte_index = 0; byte_index < 5; ++byte_index) {
      000480 0D               [12] 1064 	inc	r5
      000481 BD 05 00         [24] 1065 	cjne	r5,#0x05,00162$
      000484                       1066 00162$:
      000484 50 03            [24] 1067 	jnc	00163$
      000486 02r03rF7         [24] 1068 	ljmp	00115$
      000489                       1069 00163$:
                                   1070 ;	firmware.c:198: if ((uint8_t) (bytes[0] + bytes[1] + bytes[2] + bytes[3]) != bytes[4]) {
      000489 A8*00            [24] 1071 	mov	r0,_bp
      00048B 08               [12] 1072 	inc	r0
      00048C 86 82            [24] 1073 	mov	dpl,@r0
      00048E 08               [12] 1074 	inc	r0
      00048F 86 83            [24] 1075 	mov	dph,@r0
      000491 08               [12] 1076 	inc	r0
      000492 86 F0            [24] 1077 	mov	b,@r0
      000494 12r00r00         [24] 1078 	lcall	__gptrget
      000497 FC               [12] 1079 	mov	r4,a
      000498 A8*00            [24] 1080 	mov	r0,_bp
      00049A 08               [12] 1081 	inc	r0
      00049B 74 01            [12] 1082 	mov	a,#0x01
      00049D 26               [12] 1083 	add	a,@r0
      00049E FA               [12] 1084 	mov	r2,a
      00049F E4               [12] 1085 	clr	a
      0004A0 08               [12] 1086 	inc	r0
      0004A1 36               [12] 1087 	addc	a,@r0
      0004A2 FB               [12] 1088 	mov	r3,a
      0004A3 08               [12] 1089 	inc	r0
      0004A4 86 07            [24] 1090 	mov	ar7,@r0
      0004A6 8A 82            [24] 1091 	mov	dpl,r2
      0004A8 8B 83            [24] 1092 	mov	dph,r3
      0004AA 8F F0            [24] 1093 	mov	b,r7
      0004AC 12r00r00         [24] 1094 	lcall	__gptrget
      0004AF FA               [12] 1095 	mov	r2,a
      0004B0 2C               [12] 1096 	add	a,r4
      0004B1 FC               [12] 1097 	mov	r4,a
      0004B2 A8*00            [24] 1098 	mov	r0,_bp
      0004B4 08               [12] 1099 	inc	r0
      0004B5 74 02            [12] 1100 	mov	a,#0x02
      0004B7 26               [12] 1101 	add	a,@r0
      0004B8 FD               [12] 1102 	mov	r5,a
      0004B9 E4               [12] 1103 	clr	a
      0004BA 08               [12] 1104 	inc	r0
      0004BB 36               [12] 1105 	addc	a,@r0
      0004BC FE               [12] 1106 	mov	r6,a
      0004BD 08               [12] 1107 	inc	r0
      0004BE 86 07            [24] 1108 	mov	ar7,@r0
      0004C0 8D 82            [24] 1109 	mov	dpl,r5
      0004C2 8E 83            [24] 1110 	mov	dph,r6
      0004C4 8F F0            [24] 1111 	mov	b,r7
      0004C6 12r00r00         [24] 1112 	lcall	__gptrget
      0004C9 2C               [12] 1113 	add	a,r4
      0004CA FC               [12] 1114 	mov	r4,a
      0004CB A8*00            [24] 1115 	mov	r0,_bp
      0004CD 08               [12] 1116 	inc	r0
      0004CE 74 03            [12] 1117 	mov	a,#0x03
      0004D0 26               [12] 1118 	add	a,@r0
      0004D1 FD               [12] 1119 	mov	r5,a
      0004D2 E4               [12] 1120 	clr	a
      0004D3 08               [12] 1121 	inc	r0
      0004D4 36               [12] 1122 	addc	a,@r0
      0004D5 FE               [12] 1123 	mov	r6,a
      0004D6 08               [12] 1124 	inc	r0
      0004D7 86 07            [24] 1125 	mov	ar7,@r0
      0004D9 8D 82            [24] 1126 	mov	dpl,r5
      0004DB 8E 83            [24] 1127 	mov	dph,r6
      0004DD 8F F0            [24] 1128 	mov	b,r7
      0004DF 12r00r00         [24] 1129 	lcall	__gptrget
      0004E2 2C               [12] 1130 	add	a,r4
      0004E3 FC               [12] 1131 	mov	r4,a
      0004E4 A8*00            [24] 1132 	mov	r0,_bp
      0004E6 08               [12] 1133 	inc	r0
      0004E7 74 04            [12] 1134 	mov	a,#0x04
      0004E9 26               [12] 1135 	add	a,@r0
      0004EA FD               [12] 1136 	mov	r5,a
      0004EB E4               [12] 1137 	clr	a
      0004EC 08               [12] 1138 	inc	r0
      0004ED 36               [12] 1139 	addc	a,@r0
      0004EE FE               [12] 1140 	mov	r6,a
      0004EF 08               [12] 1141 	inc	r0
      0004F0 86 07            [24] 1142 	mov	ar7,@r0
      0004F2 8D 82            [24] 1143 	mov	dpl,r5
      0004F4 8E 83            [24] 1144 	mov	dph,r6
      0004F6 8F F0            [24] 1145 	mov	b,r7
      0004F8 12r00r00         [24] 1146 	lcall	__gptrget
      0004FB FD               [12] 1147 	mov	r5,a
      0004FC EC               [12] 1148 	mov	a,r4
      0004FD B5 05 02         [24] 1149 	cjne	a,ar5,00164$
      000500 80 05            [24] 1150 	sjmp	00112$
      000502                       1151 00164$:
                                   1152 ;	firmware.c:199: return 3;
      000502 75 82 03         [24] 1153 	mov	dpl,#0x03
      000505 80 03            [24] 1154 	sjmp	00117$
      000507                       1155 00112$:
                                   1156 ;	firmware.c:201: return 0;
      000507 75 82 00         [24] 1157 	mov	dpl,#0x00
      00050A                       1158 00117$:
                                   1159 ;	firmware.c:202: }
      00050A 85*00 81         [24] 1160 	mov	sp,_bp
      00050D D0*00            [24] 1161 	pop	_bp
      00050F 22               [24] 1162 	ret
                                   1163 ;------------------------------------------------------------
                                   1164 ;Allocation info for local variables in function 'publish_reading'
                                   1165 ;------------------------------------------------------------
                                   1166 ;sequence                  Allocated to stack - _bp -5
                                   1167 ;bytes                     Allocated to stack - _bp +1
                                   1168 ;temperature               Allocated to registers r4 r5 
                                   1169 ;humidity                  Allocated to stack - _bp +12
                                   1170 ;packed                    Allocated to registers 
                                   1171 ;sloc0                     Allocated to stack - _bp +4
                                   1172 ;sloc1                     Allocated to stack - _bp +8
                                   1173 ;------------------------------------------------------------
                                   1174 ;	firmware.c:204: static uint8_t publish_reading(const uint8_t bytes[5], uint32_t *sequence)
                                   1175 ;	-----------------------------------------
                                   1176 ;	 function publish_reading
                                   1177 ;	-----------------------------------------
      000510                       1178 _publish_reading:
      000510 C0*00            [24] 1179 	push	_bp
      000512 85 81*00         [24] 1180 	mov	_bp,sp
      000515 C0 82            [24] 1181 	push	dpl
      000517 C0 83            [24] 1182 	push	dph
      000519 C0 F0            [24] 1183 	push	b
      00051B E5 81            [12] 1184 	mov	a,sp
      00051D 24 0A            [12] 1185 	add	a,#0x0a
      00051F F5 81            [12] 1186 	mov	sp,a
                                   1187 ;	firmware.c:210: humidity = (uint16_t) bytes[0] * 100U + bytes[1];
      000521 A8*00            [24] 1188 	mov	r0,_bp
      000523 08               [12] 1189 	inc	r0
      000524 86 82            [24] 1190 	mov	dpl,@r0
      000526 08               [12] 1191 	inc	r0
      000527 86 83            [24] 1192 	mov	dph,@r0
      000529 08               [12] 1193 	inc	r0
      00052A 86 F0            [24] 1194 	mov	b,@r0
      00052C 12r00r00         [24] 1195 	lcall	__gptrget
      00052F FC               [12] 1196 	mov	r4,a
      000530 7B 00            [12] 1197 	mov	r3,#0x00
      000532 C0 04            [24] 1198 	push	ar4
      000534 C0 03            [24] 1199 	push	ar3
      000536 90 00 64         [24] 1200 	mov	dptr,#0x0064
      000539 12r00r00         [24] 1201 	lcall	__mulint
      00053C AB 82            [24] 1202 	mov	r3,dpl
      00053E AC 83            [24] 1203 	mov	r4,dph
      000540 15 81            [12] 1204 	dec	sp
      000542 15 81            [12] 1205 	dec	sp
      000544 A8*00            [24] 1206 	mov	r0,_bp
      000546 08               [12] 1207 	inc	r0
      000547 74 01            [12] 1208 	mov	a,#0x01
      000549 26               [12] 1209 	add	a,@r0
      00054A FA               [12] 1210 	mov	r2,a
      00054B E4               [12] 1211 	clr	a
      00054C 08               [12] 1212 	inc	r0
      00054D 36               [12] 1213 	addc	a,@r0
      00054E FE               [12] 1214 	mov	r6,a
      00054F 08               [12] 1215 	inc	r0
      000550 86 07            [24] 1216 	mov	ar7,@r0
      000552 8A 82            [24] 1217 	mov	dpl,r2
      000554 8E 83            [24] 1218 	mov	dph,r6
      000556 8F F0            [24] 1219 	mov	b,r7
      000558 12r00r00         [24] 1220 	lcall	__gptrget
      00055B 7F 00            [12] 1221 	mov	r7,#0x00
      00055D 2B               [12] 1222 	add	a,r3
      00055E FB               [12] 1223 	mov	r3,a
      00055F EF               [12] 1224 	mov	a,r7
      000560 3C               [12] 1225 	addc	a,r4
      000561 FC               [12] 1226 	mov	r4,a
      000562 E5*00            [12] 1227 	mov	a,_bp
      000564 24 0C            [12] 1228 	add	a,#0x0c
      000566 F8               [12] 1229 	mov	r0,a
      000567 A6 03            [24] 1230 	mov	@r0,ar3
      000569 08               [12] 1231 	inc	r0
      00056A A6 04            [24] 1232 	mov	@r0,ar4
                                   1233 ;	firmware.c:211: temperature = (int16_t) ((uint16_t) (bytes[2] & 0x7fU) * 100U + bytes[3]);
      00056C A8*00            [24] 1234 	mov	r0,_bp
      00056E 08               [12] 1235 	inc	r0
      00056F 74 02            [12] 1236 	mov	a,#0x02
      000571 26               [12] 1237 	add	a,@r0
      000572 FB               [12] 1238 	mov	r3,a
      000573 E4               [12] 1239 	clr	a
      000574 08               [12] 1240 	inc	r0
      000575 36               [12] 1241 	addc	a,@r0
      000576 FC               [12] 1242 	mov	r4,a
      000577 08               [12] 1243 	inc	r0
      000578 86 05            [24] 1244 	mov	ar5,@r0
      00057A 8B 82            [24] 1245 	mov	dpl,r3
      00057C 8C 83            [24] 1246 	mov	dph,r4
      00057E 8D F0            [24] 1247 	mov	b,r5
      000580 12r00r00         [24] 1248 	lcall	__gptrget
      000583 FB               [12] 1249 	mov	r3,a
      000584 FC               [12] 1250 	mov	r4,a
      000585 53 04 7F         [24] 1251 	anl	ar4,#0x7f
      000588 7D 00            [12] 1252 	mov	r5,#0x00
      00058A C0 03            [24] 1253 	push	ar3
      00058C C0 04            [24] 1254 	push	ar4
      00058E C0 05            [24] 1255 	push	ar5
      000590 90 00 64         [24] 1256 	mov	dptr,#0x0064
      000593 12r00r00         [24] 1257 	lcall	__mulint
      000596 AC 82            [24] 1258 	mov	r4,dpl
      000598 AD 83            [24] 1259 	mov	r5,dph
      00059A 15 81            [12] 1260 	dec	sp
      00059C 15 81            [12] 1261 	dec	sp
      00059E D0 03            [24] 1262 	pop	ar3
      0005A0 A8*00            [24] 1263 	mov	r0,_bp
      0005A2 08               [12] 1264 	inc	r0
      0005A3 74 03            [12] 1265 	mov	a,#0x03
      0005A5 26               [12] 1266 	add	a,@r0
      0005A6 FA               [12] 1267 	mov	r2,a
      0005A7 E4               [12] 1268 	clr	a
      0005A8 08               [12] 1269 	inc	r0
      0005A9 36               [12] 1270 	addc	a,@r0
      0005AA FE               [12] 1271 	mov	r6,a
      0005AB 08               [12] 1272 	inc	r0
      0005AC 86 07            [24] 1273 	mov	ar7,@r0
      0005AE 8A 82            [24] 1274 	mov	dpl,r2
      0005B0 8E 83            [24] 1275 	mov	dph,r6
      0005B2 8F F0            [24] 1276 	mov	b,r7
      0005B4 12r00r00         [24] 1277 	lcall	__gptrget
      0005B7 FA               [12] 1278 	mov	r2,a
      0005B8 7F 00            [12] 1279 	mov	r7,#0x00
      0005BA 2C               [12] 1280 	add	a,r4
      0005BB FC               [12] 1281 	mov	r4,a
      0005BC EF               [12] 1282 	mov	a,r7
      0005BD 3D               [12] 1283 	addc	a,r5
      0005BE FD               [12] 1284 	mov	r5,a
                                   1285 ;	firmware.c:212: if ((bytes[2] & 0x80U) != 0U) {
      0005BF EB               [12] 1286 	mov	a,r3
      0005C0 30 E7 07         [24] 1287 	jnb	acc.7,00102$
                                   1288 ;	firmware.c:213: temperature = -temperature;
      0005C3 C3               [12] 1289 	clr	c
      0005C4 E4               [12] 1290 	clr	a
      0005C5 9C               [12] 1291 	subb	a,r4
      0005C6 FC               [12] 1292 	mov	r4,a
      0005C7 E4               [12] 1293 	clr	a
      0005C8 9D               [12] 1294 	subb	a,r5
      0005C9 FD               [12] 1295 	mov	r5,a
      0005CA                       1296 00102$:
                                   1297 ;	firmware.c:215: if (humidity > 10000U || temperature < -4000 || temperature > 8000) {
      0005CA E5*00            [12] 1298 	mov	a,_bp
      0005CC 24 0C            [12] 1299 	add	a,#0x0c
      0005CE F8               [12] 1300 	mov	r0,a
      0005CF C3               [12] 1301 	clr	c
      0005D0 74 10            [12] 1302 	mov	a,#0x10
      0005D2 96               [12] 1303 	subb	a,@r0
      0005D3 74 27            [12] 1304 	mov	a,#0x27
      0005D5 08               [12] 1305 	inc	r0
      0005D6 96               [12] 1306 	subb	a,@r0
      0005D7 40 18            [24] 1307 	jc	00103$
      0005D9 EC               [12] 1308 	mov	a,r4
      0005DA 94 60            [12] 1309 	subb	a,#0x60
      0005DC ED               [12] 1310 	mov	a,r5
      0005DD 64 80            [12] 1311 	xrl	a,#0x80
      0005DF 94 70            [12] 1312 	subb	a,#0x70
      0005E1 40 0E            [24] 1313 	jc	00103$
      0005E3 74 40            [12] 1314 	mov	a,#0x40
      0005E5 9C               [12] 1315 	subb	a,r4
      0005E6 74 9F            [12] 1316 	mov	a,#(0x1f ^ 0x80)
      0005E8 8D F0            [24] 1317 	mov	b,r5
      0005EA 63 F0 80         [24] 1318 	xrl	b,#0x80
      0005ED 95 F0            [12] 1319 	subb	a,b
      0005EF 50 06            [24] 1320 	jnc	00104$
      0005F1                       1321 00103$:
                                   1322 ;	firmware.c:216: return 0;
      0005F1 75 82 00         [24] 1323 	mov	dpl,#0x00
      0005F4 02r07r66         [24] 1324 	ljmp	00109$
      0005F7                       1325 00104$:
                                   1326 ;	firmware.c:219: packed = ((uint32_t) humidity << 16) | (uint16_t) temperature;
      0005F7 E5*00            [12] 1327 	mov	a,_bp
      0005F9 24 0C            [12] 1328 	add	a,#0x0c
      0005FB F8               [12] 1329 	mov	r0,a
      0005FC 86 02            [24] 1330 	mov	ar2,@r0
      0005FE 08               [12] 1331 	inc	r0
      0005FF 86 03            [24] 1332 	mov	ar3,@r0
      000601 E4               [12] 1333 	clr	a
      000602 E5*00            [12] 1334 	mov	a,_bp
      000604 24 04            [12] 1335 	add	a,#0x04
      000606 F8               [12] 1336 	mov	r0,a
      000607 08               [12] 1337 	inc	r0
      000608 08               [12] 1338 	inc	r0
      000609 08               [12] 1339 	inc	r0
      00060A A6 03            [24] 1340 	mov	@r0,ar3
      00060C 18               [12] 1341 	dec	r0
      00060D A6 02            [24] 1342 	mov	@r0,ar2
      00060F 18               [12] 1343 	dec	r0
      000610 18               [12] 1344 	dec	r0
      000611 76 00            [12] 1345 	mov	@r0,#0x00
      000613 08               [12] 1346 	inc	r0
      000614 E4               [12] 1347 	clr	a
      000615 F6               [12] 1348 	mov	@r0,a
      000616 FE               [12] 1349 	mov	r6,a
      000617 FF               [12] 1350 	mov	r7,a
      000618 E5*00            [12] 1351 	mov	a,_bp
      00061A 24 04            [12] 1352 	add	a,#0x04
      00061C F8               [12] 1353 	mov	r0,a
      00061D E6               [12] 1354 	mov	a,@r0
      00061E 42 04            [12] 1355 	orl	ar4,a
      000620 08               [12] 1356 	inc	r0
      000621 E6               [12] 1357 	mov	a,@r0
      000622 42 05            [12] 1358 	orl	ar5,a
      000624 08               [12] 1359 	inc	r0
      000625 E6               [12] 1360 	mov	a,@r0
      000626 42 06            [12] 1361 	orl	ar6,a
      000628 08               [12] 1362 	inc	r0
      000629 E6               [12] 1363 	mov	a,@r0
      00062A 42 07            [12] 1364 	orl	ar7,a
                                   1365 ;	firmware.c:220: robot_write(RTC_INFO2, packed);
      00062C C0 04            [24] 1366 	push	ar4
      00062E C0 05            [24] 1367 	push	ar5
      000630 C0 06            [24] 1368 	push	ar6
      000632 C0 07            [24] 1369 	push	ar7
      000634 90 60 24         [24] 1370 	mov	dptr,#0x6024
      000637 75 F0 02         [24] 1371 	mov	b,#0x02
      00063A 74 05            [12] 1372 	mov	a,#0x05
      00063C 12r00rC2         [24] 1373 	lcall	_robot_write
      00063F E5 81            [12] 1374 	mov	a,sp
      000641 24 FC            [12] 1375 	add	a,#0xfc
      000643 F5 81            [12] 1376 	mov	sp,a
                                   1377 ;	firmware.c:221: ++*sequence;
      000645 E5*00            [12] 1378 	mov	a,_bp
      000647 24 FB            [12] 1379 	add	a,#0xfb
      000649 F8               [12] 1380 	mov	r0,a
      00064A E5*00            [12] 1381 	mov	a,_bp
      00064C 24 04            [12] 1382 	add	a,#0x04
      00064E F9               [12] 1383 	mov	r1,a
      00064F E6               [12] 1384 	mov	a,@r0
      000650 F7               [12] 1385 	mov	@r1,a
      000651 08               [12] 1386 	inc	r0
      000652 E6               [12] 1387 	mov	a,@r0
      000653 09               [12] 1388 	inc	r1
      000654 F7               [12] 1389 	mov	@r1,a
      000655 08               [12] 1390 	inc	r0
      000656 E6               [12] 1391 	mov	a,@r0
      000657 09               [12] 1392 	inc	r1
      000658 F7               [12] 1393 	mov	@r1,a
      000659 E5*00            [12] 1394 	mov	a,_bp
      00065B 24 04            [12] 1395 	add	a,#0x04
      00065D F8               [12] 1396 	mov	r0,a
      00065E 86 82            [24] 1397 	mov	dpl,@r0
      000660 08               [12] 1398 	inc	r0
      000661 86 83            [24] 1399 	mov	dph,@r0
      000663 08               [12] 1400 	inc	r0
      000664 86 F0            [24] 1401 	mov	b,@r0
      000666 12r00r00         [24] 1402 	lcall	__gptrget
      000669 FA               [12] 1403 	mov	r2,a
      00066A A3               [24] 1404 	inc	dptr
      00066B 12r00r00         [24] 1405 	lcall	__gptrget
      00066E FB               [12] 1406 	mov	r3,a
      00066F A3               [24] 1407 	inc	dptr
      000670 12r00r00         [24] 1408 	lcall	__gptrget
      000673 FC               [12] 1409 	mov	r4,a
      000674 A3               [24] 1410 	inc	dptr
      000675 12r00r00         [24] 1411 	lcall	__gptrget
      000678 FF               [12] 1412 	mov	r7,a
      000679 0A               [12] 1413 	inc	r2
      00067A BA 00 09         [24] 1414 	cjne	r2,#0x00,00131$
      00067D 0B               [12] 1415 	inc	r3
      00067E BB 00 05         [24] 1416 	cjne	r3,#0x00,00131$
      000681 0C               [12] 1417 	inc	r4
      000682 BC 00 01         [24] 1418 	cjne	r4,#0x00,00131$
      000685 0F               [12] 1419 	inc	r7
      000686                       1420 00131$:
      000686 E5*00            [12] 1421 	mov	a,_bp
      000688 24 04            [12] 1422 	add	a,#0x04
      00068A F8               [12] 1423 	mov	r0,a
      00068B 86 82            [24] 1424 	mov	dpl,@r0
      00068D 08               [12] 1425 	inc	r0
      00068E 86 83            [24] 1426 	mov	dph,@r0
      000690 08               [12] 1427 	inc	r0
      000691 86 F0            [24] 1428 	mov	b,@r0
      000693 EA               [12] 1429 	mov	a,r2
      000694 12r00r00         [24] 1430 	lcall	__gptrput
      000697 A3               [24] 1431 	inc	dptr
      000698 EB               [12] 1432 	mov	a,r3
      000699 12r00r00         [24] 1433 	lcall	__gptrput
      00069C A3               [24] 1434 	inc	dptr
      00069D EC               [12] 1435 	mov	a,r4
      00069E 12r00r00         [24] 1436 	lcall	__gptrput
      0006A1 A3               [24] 1437 	inc	dptr
      0006A2 EF               [12] 1438 	mov	a,r7
      0006A3 12r00r00         [24] 1439 	lcall	__gptrput
                                   1440 ;	firmware.c:222: if (*sequence == 0UL) {
      0006A6 E5*00            [12] 1441 	mov	a,_bp
      0006A8 24 04            [12] 1442 	add	a,#0x04
      0006AA F8               [12] 1443 	mov	r0,a
      0006AB 86 82            [24] 1444 	mov	dpl,@r0
      0006AD 08               [12] 1445 	inc	r0
      0006AE 86 83            [24] 1446 	mov	dph,@r0
      0006B0 08               [12] 1447 	inc	r0
      0006B1 86 F0            [24] 1448 	mov	b,@r0
      0006B3 E5*00            [12] 1449 	mov	a,_bp
      0006B5 24 08            [12] 1450 	add	a,#0x08
      0006B7 F9               [12] 1451 	mov	r1,a
      0006B8 12r00r00         [24] 1452 	lcall	__gptrget
      0006BB F7               [12] 1453 	mov	@r1,a
      0006BC A3               [24] 1454 	inc	dptr
      0006BD 12r00r00         [24] 1455 	lcall	__gptrget
      0006C0 09               [12] 1456 	inc	r1
      0006C1 F7               [12] 1457 	mov	@r1,a
      0006C2 A3               [24] 1458 	inc	dptr
      0006C3 12r00r00         [24] 1459 	lcall	__gptrget
      0006C6 09               [12] 1460 	inc	r1
      0006C7 F7               [12] 1461 	mov	@r1,a
      0006C8 A3               [24] 1462 	inc	dptr
      0006C9 12r00r00         [24] 1463 	lcall	__gptrget
      0006CC 09               [12] 1464 	inc	r1
      0006CD F7               [12] 1465 	mov	@r1,a
      0006CE EA               [12] 1466 	mov	a,r2
      0006CF 4B               [12] 1467 	orl	a,r3
      0006D0 4C               [12] 1468 	orl	a,r4
      0006D1 4F               [12] 1469 	orl	a,r7
      0006D2 70 35            [24] 1470 	jnz	00108$
                                   1471 ;	firmware.c:223: ++*sequence;
      0006D4 E5*00            [12] 1472 	mov	a,_bp
      0006D6 24 08            [12] 1473 	add	a,#0x08
      0006D8 F8               [12] 1474 	mov	r0,a
      0006D9 74 01            [12] 1475 	mov	a,#0x01
      0006DB 26               [12] 1476 	add	a,@r0
      0006DC FD               [12] 1477 	mov	r5,a
      0006DD E4               [12] 1478 	clr	a
      0006DE 08               [12] 1479 	inc	r0
      0006DF 36               [12] 1480 	addc	a,@r0
      0006E0 FE               [12] 1481 	mov	r6,a
      0006E1 E4               [12] 1482 	clr	a
      0006E2 08               [12] 1483 	inc	r0
      0006E3 36               [12] 1484 	addc	a,@r0
      0006E4 FC               [12] 1485 	mov	r4,a
      0006E5 E4               [12] 1486 	clr	a
      0006E6 08               [12] 1487 	inc	r0
      0006E7 36               [12] 1488 	addc	a,@r0
      0006E8 FF               [12] 1489 	mov	r7,a
      0006E9 E5*00            [12] 1490 	mov	a,_bp
      0006EB 24 04            [12] 1491 	add	a,#0x04
      0006ED F8               [12] 1492 	mov	r0,a
      0006EE 86 82            [24] 1493 	mov	dpl,@r0
      0006F0 08               [12] 1494 	inc	r0
      0006F1 86 83            [24] 1495 	mov	dph,@r0
      0006F3 08               [12] 1496 	inc	r0
      0006F4 86 F0            [24] 1497 	mov	b,@r0
      0006F6 ED               [12] 1498 	mov	a,r5
      0006F7 12r00r00         [24] 1499 	lcall	__gptrput
      0006FA A3               [24] 1500 	inc	dptr
      0006FB EE               [12] 1501 	mov	a,r6
      0006FC 12r00r00         [24] 1502 	lcall	__gptrput
      0006FF A3               [24] 1503 	inc	dptr
      000700 EC               [12] 1504 	mov	a,r4
      000701 12r00r00         [24] 1505 	lcall	__gptrput
      000704 A3               [24] 1506 	inc	dptr
      000705 EF               [12] 1507 	mov	a,r7
      000706 12r00r00         [24] 1508 	lcall	__gptrput
      000709                       1509 00108$:
                                   1510 ;	firmware.c:225: robot_write(RTC_INFO3, *sequence);
      000709 E5*00            [12] 1511 	mov	a,_bp
      00070B 24 04            [12] 1512 	add	a,#0x04
      00070D F8               [12] 1513 	mov	r0,a
      00070E 86 82            [24] 1514 	mov	dpl,@r0
      000710 08               [12] 1515 	inc	r0
      000711 86 83            [24] 1516 	mov	dph,@r0
      000713 08               [12] 1517 	inc	r0
      000714 86 F0            [24] 1518 	mov	b,@r0
      000716 12r00r00         [24] 1519 	lcall	__gptrget
      000719 FC               [12] 1520 	mov	r4,a
      00071A A3               [24] 1521 	inc	dptr
      00071B 12r00r00         [24] 1522 	lcall	__gptrget
      00071E FD               [12] 1523 	mov	r5,a
      00071F A3               [24] 1524 	inc	dptr
      000720 12r00r00         [24] 1525 	lcall	__gptrget
      000723 FE               [12] 1526 	mov	r6,a
      000724 A3               [24] 1527 	inc	dptr
      000725 12r00r00         [24] 1528 	lcall	__gptrget
      000728 FF               [12] 1529 	mov	r7,a
      000729 C0 04            [24] 1530 	push	ar4
      00072B C0 05            [24] 1531 	push	ar5
      00072D C0 06            [24] 1532 	push	ar6
      00072F C0 07            [24] 1533 	push	ar7
      000731 90 60 28         [24] 1534 	mov	dptr,#0x6028
      000734 75 F0 02         [24] 1535 	mov	b,#0x02
      000737 74 05            [12] 1536 	mov	a,#0x05
      000739 12r00rC2         [24] 1537 	lcall	_robot_write
      00073C E5 81            [12] 1538 	mov	a,sp
      00073E 24 FC            [12] 1539 	add	a,#0xfc
      000740 F5 81            [12] 1540 	mov	sp,a
                                   1541 ;	firmware.c:226: robot_write(RTC_INFO0, STATUS_RUNNING);
      000742 74 4B            [12] 1542 	mov	a,#0x4b
      000744 C0 E0            [24] 1543 	push	acc
      000746 74 4E            [12] 1544 	mov	a,#0x4e
      000748 C0 E0            [24] 1545 	push	acc
      00074A 74 4C            [12] 1546 	mov	a,#0x4c
      00074C C0 E0            [24] 1547 	push	acc
      00074E 74 42            [12] 1548 	mov	a,#0x42
      000750 C0 E0            [24] 1549 	push	acc
      000752 90 60 1C         [24] 1550 	mov	dptr,#0x601c
      000755 75 F0 02         [24] 1551 	mov	b,#0x02
      000758 74 05            [12] 1552 	mov	a,#0x05
      00075A 12r00rC2         [24] 1553 	lcall	_robot_write
      00075D E5 81            [12] 1554 	mov	a,sp
      00075F 24 FC            [12] 1555 	add	a,#0xfc
      000761 F5 81            [12] 1556 	mov	sp,a
                                   1557 ;	firmware.c:227: return 1;
      000763 75 82 01         [24] 1558 	mov	dpl,#0x01
      000766                       1559 00109$:
                                   1560 ;	firmware.c:228: }
      000766 85*00 81         [24] 1561 	mov	sp,_bp
      000769 D0*00            [24] 1562 	pop	_bp
      00076B 22               [24] 1563 	ret
                                   1564 ;------------------------------------------------------------
                                   1565 ;Allocation info for local variables in function 'main'
                                   1566 ;------------------------------------------------------------
                                   1567 ;bytes                     Allocated to stack - _bp +1
                                   1568 ;result                    Allocated to registers r5 
                                   1569 ;led_on                    Allocated to registers r7 
                                   1570 ;sequence                  Allocated to stack - _bp +6
                                   1571 ;------------------------------------------------------------
                                   1572 ;	firmware.c:230: void main(void)
                                   1573 ;	-----------------------------------------
                                   1574 ;	 function main
                                   1575 ;	-----------------------------------------
      00076C                       1576 _main:
      00076C C0*00            [24] 1577 	push	_bp
      00076E E5 81            [12] 1578 	mov	a,sp
      000770 F5*00            [12] 1579 	mov	_bp,a
      000772 24 09            [12] 1580 	add	a,#0x09
      000774 F5 81            [12] 1581 	mov	sp,a
                                   1582 ;	firmware.c:234: uint8_t led_on = 0;
      000776 7F 00            [12] 1583 	mov	r7,#0x00
                                   1584 ;	firmware.c:235: uint32_t sequence = 0;
      000778 E5*00            [12] 1585 	mov	a,_bp
      00077A 24 06            [12] 1586 	add	a,#0x06
      00077C F8               [12] 1587 	mov	r0,a
      00077D E4               [12] 1588 	clr	a
      00077E F6               [12] 1589 	mov	@r0,a
      00077F 08               [12] 1590 	inc	r0
      000780 F6               [12] 1591 	mov	@r0,a
      000781 08               [12] 1592 	inc	r0
      000782 F6               [12] 1593 	mov	@r0,a
      000783 08               [12] 1594 	inc	r0
      000784 F6               [12] 1595 	mov	@r0,a
                                   1596 ;	firmware.c:237: gpio_write(LED_GPIO_PIN, 0);
      000785 C0 07            [24] 1597 	push	ar7
      000787 C0 E0            [24] 1598 	push	acc
      000789 75 82 0D         [24] 1599 	mov	dpl,#0x0d
      00078C 12r01r14         [24] 1600 	lcall	_gpio_write
      00078F 15 81            [12] 1601 	dec	sp
                                   1602 ;	firmware.c:238: gpio_output(LED_GPIO_PIN);
      000791 75 82 0D         [24] 1603 	mov	dpl,#0x0d
      000794 12r01rED         [24] 1604 	lcall	_gpio_output
                                   1605 ;	firmware.c:239: gpio_input(DHT_GPIO_PIN);
      000797 75 82 1A         [24] 1606 	mov	dpl,#0x1a
      00079A 12r02r6B         [24] 1607 	lcall	_gpio_input
                                   1608 ;	firmware.c:240: robot_write(RTC_INFO0, STATUS_RUNNING);
      00079D 74 4B            [12] 1609 	mov	a,#0x4b
      00079F C0 E0            [24] 1610 	push	acc
      0007A1 74 4E            [12] 1611 	mov	a,#0x4e
      0007A3 C0 E0            [24] 1612 	push	acc
      0007A5 74 4C            [12] 1613 	mov	a,#0x4c
      0007A7 C0 E0            [24] 1614 	push	acc
      0007A9 74 42            [12] 1615 	mov	a,#0x42
      0007AB C0 E0            [24] 1616 	push	acc
      0007AD 90 60 1C         [24] 1617 	mov	dptr,#0x601c
      0007B0 75 F0 02         [24] 1618 	mov	b,#0x02
      0007B3 74 05            [12] 1619 	mov	a,#0x05
      0007B5 12r00rC2         [24] 1620 	lcall	_robot_write
      0007B8 E5 81            [12] 1621 	mov	a,sp
      0007BA 24 FC            [12] 1622 	add	a,#0xfc
      0007BC F5 81            [12] 1623 	mov	sp,a
      0007BE D0 07            [24] 1624 	pop	ar7
      0007C0                       1625 00113$:
                                   1626 ;	firmware.c:243: gpio_write(LED_GPIO_PIN, led_on);
      0007C0 C0 07            [24] 1627 	push	ar7
      0007C2 C0 07            [24] 1628 	push	ar7
      0007C4 75 82 0D         [24] 1629 	mov	dpl,#0x0d
      0007C7 12r01r14         [24] 1630 	lcall	_gpio_write
      0007CA 15 81            [12] 1631 	dec	sp
      0007CC D0 07            [24] 1632 	pop	ar7
                                   1633 ;	firmware.c:244: led_on = (uint8_t) !led_on;
      0007CE EF               [12] 1634 	mov	a,r7
      0007CF B4 01 00         [24] 1635 	cjne	a,#0x01,00137$
      0007D2                       1636 00137$:
      0007D2 92*00            [24] 1637 	mov  b0,c
      0007D4 E4               [12] 1638 	clr	a
      0007D5 33               [12] 1639 	rlc	a
      0007D6 FF               [12] 1640 	mov	r7,a
                                   1641 ;	firmware.c:245: result = dht11_read(bytes);
      0007D7 AE*00            [24] 1642 	mov	r6,_bp
      0007D9 0E               [12] 1643 	inc	r6
      0007DA 8E 03            [24] 1644 	mov	ar3,r6
      0007DC 7C 00            [12] 1645 	mov	r4,#0x00
      0007DE 7D 40            [12] 1646 	mov	r5,#0x40
      0007E0 8B 82            [24] 1647 	mov	dpl,r3
      0007E2 8C 83            [24] 1648 	mov	dph,r4
      0007E4 8D F0            [24] 1649 	mov	b,r5
      0007E6 C0 07            [24] 1650 	push	ar7
      0007E8 C0 06            [24] 1651 	push	ar6
      0007EA 12r03rA3         [24] 1652 	lcall	_dht11_read
      0007ED AD 82            [24] 1653 	mov	r5,dpl
      0007EF D0 06            [24] 1654 	pop	ar6
      0007F1 D0 07            [24] 1655 	pop	ar7
                                   1656 ;	firmware.c:246: if (result == 1U) {
      0007F3 BD 01 27         [24] 1657 	cjne	r5,#0x01,00110$
                                   1658 ;	firmware.c:247: robot_write(RTC_INFO0, STATUS_NO_RESPONSE);
      0007F6 C0 07            [24] 1659 	push	ar7
      0007F8 74 31            [12] 1660 	mov	a,#0x31
      0007FA C0 E0            [24] 1661 	push	acc
      0007FC 14               [12] 1662 	dec	a
      0007FD C0 E0            [24] 1663 	push	acc
      0007FF 74 52            [12] 1664 	mov	a,#0x52
      000801 C0 E0            [24] 1665 	push	acc
      000803 74 45            [12] 1666 	mov	a,#0x45
      000805 C0 E0            [24] 1667 	push	acc
      000807 90 60 1C         [24] 1668 	mov	dptr,#0x601c
      00080A 75 F0 02         [24] 1669 	mov	b,#0x02
      00080D 74 05            [12] 1670 	mov	a,#0x05
      00080F 12r00rC2         [24] 1671 	lcall	_robot_write
      000812 E5 81            [12] 1672 	mov	a,sp
      000814 24 FC            [12] 1673 	add	a,#0xfc
      000816 F5 81            [12] 1674 	mov	sp,a
      000818 D0 07            [24] 1675 	pop	ar7
      00081A 02r08rC3         [24] 1676 	ljmp	00111$
      00081D                       1677 00110$:
                                   1678 ;	firmware.c:248: } else if (result == 2U) {
      00081D BD 02 27         [24] 1679 	cjne	r5,#0x02,00107$
                                   1680 ;	firmware.c:249: robot_write(RTC_INFO0, STATUS_TIMING);
      000820 C0 07            [24] 1681 	push	ar7
      000822 74 32            [12] 1682 	mov	a,#0x32
      000824 C0 E0            [24] 1683 	push	acc
      000826 74 30            [12] 1684 	mov	a,#0x30
      000828 C0 E0            [24] 1685 	push	acc
      00082A 74 52            [12] 1686 	mov	a,#0x52
      00082C C0 E0            [24] 1687 	push	acc
      00082E 74 45            [12] 1688 	mov	a,#0x45
      000830 C0 E0            [24] 1689 	push	acc
      000832 90 60 1C         [24] 1690 	mov	dptr,#0x601c
      000835 75 F0 02         [24] 1691 	mov	b,#0x02
      000838 74 05            [12] 1692 	mov	a,#0x05
      00083A 12r00rC2         [24] 1693 	lcall	_robot_write
      00083D E5 81            [12] 1694 	mov	a,sp
      00083F 24 FC            [12] 1695 	add	a,#0xfc
      000841 F5 81            [12] 1696 	mov	sp,a
      000843 D0 07            [24] 1697 	pop	ar7
      000845 80 7C            [24] 1698 	sjmp	00111$
      000847                       1699 00107$:
                                   1700 ;	firmware.c:250: } else if (result == 3U) {
      000847 BD 03 27         [24] 1701 	cjne	r5,#0x03,00104$
                                   1702 ;	firmware.c:251: robot_write(RTC_INFO0, STATUS_CHECKSUM);
      00084A C0 07            [24] 1703 	push	ar7
      00084C 74 33            [12] 1704 	mov	a,#0x33
      00084E C0 E0            [24] 1705 	push	acc
      000850 74 30            [12] 1706 	mov	a,#0x30
      000852 C0 E0            [24] 1707 	push	acc
      000854 74 52            [12] 1708 	mov	a,#0x52
      000856 C0 E0            [24] 1709 	push	acc
      000858 74 45            [12] 1710 	mov	a,#0x45
      00085A C0 E0            [24] 1711 	push	acc
      00085C 90 60 1C         [24] 1712 	mov	dptr,#0x601c
      00085F 75 F0 02         [24] 1713 	mov	b,#0x02
      000862 74 05            [12] 1714 	mov	a,#0x05
      000864 12r00rC2         [24] 1715 	lcall	_robot_write
      000867 E5 81            [12] 1716 	mov	a,sp
      000869 24 FC            [12] 1717 	add	a,#0xfc
      00086B F5 81            [12] 1718 	mov	sp,a
      00086D D0 07            [24] 1719 	pop	ar7
      00086F 80 52            [24] 1720 	sjmp	00111$
      000871                       1721 00104$:
                                   1722 ;	firmware.c:252: } else if (!publish_reading(bytes, &sequence)) {
      000871 C0 07            [24] 1723 	push	ar7
      000873 E5*00            [12] 1724 	mov	a,_bp
      000875 24 06            [12] 1725 	add	a,#0x06
      000877 FD               [12] 1726 	mov	r5,a
      000878 7C 00            [12] 1727 	mov	r4,#0x00
      00087A 7B 40            [12] 1728 	mov	r3,#0x40
      00087C 8E 02            [24] 1729 	mov	ar2,r6
      00087E 7E 00            [12] 1730 	mov	r6,#0x00
      000880 7F 40            [12] 1731 	mov	r7,#0x40
      000882 C0 05            [24] 1732 	push	ar5
      000884 C0 04            [24] 1733 	push	ar4
      000886 C0 03            [24] 1734 	push	ar3
      000888 8A 82            [24] 1735 	mov	dpl,r2
      00088A 8E 83            [24] 1736 	mov	dph,r6
      00088C 8F F0            [24] 1737 	mov	b,r7
      00088E 12r05r10         [24] 1738 	lcall	_publish_reading
      000891 AF 82            [24] 1739 	mov	r7,dpl
      000893 15 81            [12] 1740 	dec	sp
      000895 15 81            [12] 1741 	dec	sp
      000897 15 81            [12] 1742 	dec	sp
      000899 EF               [12] 1743 	mov	a,r7
      00089A D0 07            [24] 1744 	pop	ar7
      00089C 70 25            [24] 1745 	jnz	00111$
                                   1746 ;	firmware.c:253: robot_write(RTC_INFO0, STATUS_RANGE);
      00089E C0 07            [24] 1747 	push	ar7
      0008A0 74 34            [12] 1748 	mov	a,#0x34
      0008A2 C0 E0            [24] 1749 	push	acc
      0008A4 74 30            [12] 1750 	mov	a,#0x30
      0008A6 C0 E0            [24] 1751 	push	acc
      0008A8 74 52            [12] 1752 	mov	a,#0x52
      0008AA C0 E0            [24] 1753 	push	acc
      0008AC 74 45            [12] 1754 	mov	a,#0x45
      0008AE C0 E0            [24] 1755 	push	acc
      0008B0 90 60 1C         [24] 1756 	mov	dptr,#0x601c
      0008B3 75 F0 02         [24] 1757 	mov	b,#0x02
      0008B6 74 05            [12] 1758 	mov	a,#0x05
      0008B8 12r00rC2         [24] 1759 	lcall	_robot_write
      0008BB E5 81            [12] 1760 	mov	a,sp
      0008BD 24 FC            [12] 1761 	add	a,#0xfc
      0008BF F5 81            [12] 1762 	mov	sp,a
      0008C1 D0 07            [24] 1763 	pop	ar7
      0008C3                       1764 00111$:
                                   1765 ;	firmware.c:255: delay_ms(1000);
      0008C3 90 03 E8         [24] 1766 	mov	dptr,#0x03e8
      0008C6 C0 07            [24] 1767 	push	ar7
      0008C8 12r03r5B         [24] 1768 	lcall	_delay_ms
      0008CB D0 07            [24] 1769 	pop	ar7
      0008CD 02r07rC0         [24] 1770 	ljmp	00113$
                                   1771 ;	firmware.c:257: }
      0008D0 85*00 81         [24] 1772 	mov	sp,_bp
      0008D3 D0*00            [24] 1773 	pop	_bp
      0008D5 22               [24] 1774 	ret
                                   1775 	.area CSEG    (CODE)
                                   1776 	.area CONST   (CODE)
                                   1777 	.area XINIT   (CODE)
                                   1778 	.area CABS    (ABS,CODE)
